Text,Level
…??…?…?ύ…??…?? …??…?¨…?­…?¨…??…?ύ…??…?? …?¦…??…?…??…?…?¨?,0
…??…?¦…??…??…?ψ Banglalink …??…?¨…??…?? …?…??…??…??…?? …??…??…??…?? …??…??…??…??! …?¦…??…??…?? …?…??…??…?? promo24.net …? …?ύ…??…??…?? …??…?ψ…?? …??…??…?­ …?¦…??…?®…?®…??…?? …??…?¨…??…?,1
"…?ψ…?¨…?¦…??…?ψ…?…??…??…?? …??…?¦…?­…??…?? …??…?ψ…?? …??…?¨…??, …?­…??…?­…?ύ…??…??…?? …??…??…?ύ…?",0
…??…?…?¦…?…?ψ…?? …??…?…??…??…??…?…??…?¨…??…?? …??…??…??…?? …??…?…??…?,0
"…?®…??…??…?ύ…??…?? …??…??…??…?ύ…?? …?¦…??…?…?¨…??…??…??…?¨, …??…??…??…?? …??…??…??…?¨…??…?",0
…??…?¦…??…??…?ψ …?…?…??…??…??…?? …??…?…??…??…??…??…??…??…?…??…?? …??…??…?…??…??…??…??…??…?? …?ύ…??…??…??…??…??…? …?…?…?ύ…?? …??…?…??…?…?? …??…?ψ…??…?? …??…??…?¦…?…??…?¦…??…?¦…?®…??…?? …? …??…?ύ …??…?ψ…?…??…?,1
"…?®…??…??…??…?? …??…??…?ψ…?…??…?? …??…??, …??…?® …??…??…?? …??…??…?…??…?",0
…??…?¦…??…??…?ψ …??…?…??…??…??…??…??…??…?…?? …?…?…?ύ…?? …??…?…??! IFIC …??…??…?ψ…?¨…?®…??…?? …??…?ψ…??…?? shopx.com …? …??…?¨…??…?? OTP …?¦…??…?¦…??…??…?? …??…??…?…??…?¨…?? …??…?ψ…?…??…? …??…?ψ…?…?ψ…?¨!,1
…??…??…?? …??…??…?¬ …??…?ψ…?…??! …??…?¨…?­…?¨…?? …??…??…??…?? …??…?¨…??…?? …??…?® …??…??…??…?? …??…?¦…??…?ψ…?…??…??…? …??…??…?¬…??…??: bestoffer.live,1
…??…?¦…??…??…?ψ …?…?…??…??…??…?? …??…?…??…??…??…??…??…??…?…??…?? …??…??…?…??…??…??…??…??…?? …?ύ…??…??…??…??…??…? …?…?…?ύ…?? …??…?…??…?…?? …??…?ψ…??…?? …??…??…?…??…??…?®…??…??…??…??…?? …? …??…?ύ …??…?ψ…?…??…?,1
"Prime Bank …? …??…??…??…?? …??…??…??…??…?? …??…?¨…??…??…??…?¨, …??…??…?? …??…??…?ψ…?? …?®…??…?ύ…??…??…?¨…?",0
…??…??…?ύ …??…?¨…??…??…??…?? …??…??…??…??…?? …??…??…?…?? …??…??…??…?¨?,0
…??…??…?ψ …??…??…?…?…?ψ…??…?? …??…??…?…?? …??…??…??…?¨?,0
…??…??…?ύ …??…?¨…??…??…??…?? …??…??…??…??…?? …??…??…?…?? …??…??…??…?¨?,0
…??…?? Teletalk …??…??…?? …??…??…?ψ …?ύ…??…??…??…?? …??…??…???,0
…??…??…??…?¨…??…? …??…??…?…??…?…??…?…?ψ…??…??…? …??…?ψ…?? …??…?® …??…??…??…?? …??…??/…??…?¨…?­…?¨…??! …??…??…?¬…??…??: giftbd.co,1
…??…??…??…??…?ψ …??…?…??…??…?? …??…??…?? …??…?…?ψ…?? …??…?¨…??…?¨…??…?? …??…??…??…?…??…?,0
…?ψ…??…??…??…?ψ …??…??…?…??…?ψ…??…?ψ …??…??…?…?? …??…?? …??…??…?…???,0
…??…?¦…??…??…?ψ …?…?…??…??…??…?? …??…?…??…??…??…??…??…??…?…??…?? …??…??…?…??…??…??…??…??…?? …?ύ…??…??…??…??…??…? …?…?…?ύ…?? …??…?…??…?…?? …??…?ψ…??…?? …??…??…?¦…??…??…??…??…??…??…?¦…?? …? …??…?ύ …??…?ψ…?…??…?,1
…??…?¦…??…??…?ψ …?¦…?…?ψ…??…?…??…??…?ψ …??…??…?? …??…??…??…??! dealhub.xyz …? …??…?¨…??…?? …??…?…?ύ…??…??…?? …??…?ψ…?…??…? …?ψ…??…?®…??…?ψ…??…??…?…??: OD612036,1
…?®…?…?ψ…?¨ …??…??…??…??…?¨…?? …?…??…??…??…?? …??…?¦…??…?? …??…??…??…??! …??…??…??…??…??…?¦: promo24.netƒ??…?ψ…??…?®…??…?ψ…??…?ύ …??…??…?­ …??…?…??…??…??…??,1
…?®…?ύ…??…?®…?ύ …??…?…?? …??…?¨…?…?? …?…?ύ…??…??…???,0
…??…?? …??…?¦:…??…?® …??…??…?? …??…??…?ύ…??…??…?? …??…?…?ύ…??…??…?,0
…?…?¨…??…?¨…??…??…??…?? …??…?? …??…?¨…??…?? …??…?®% …?ψ…?¨…??…??…?ψ…?…??! …?…?¨…??…?…??…??…?ψ…?¨…??: bestoffer.live (…?…?…?…??…?¨ …??…??…??),1
…??…?¦…??…??…?ψ …?…?…??…??…??…?? …??…?…??…??…??…??…??…??…?…??…?? …??…??…?…??…??…??…??…??…?? …?ύ…??…??…??…??…??…? …?…?…?ύ…?? …??…?…??…?…?? …??…?ψ…??…?? …??…??…??…??…?…??…??…?¦…??…?…?¦ …? …??…?ύ …??…?ψ…?…??…?,1
"…?®…??…??…??…?? …??…??…?ψ…?…??…?? …??…??, …??…?® …??…??…?? …??…??…?…??…?",0
…??…??…?ύ …??…?¨…??…??…??…?? …??…??…??…??…?? …??…??…?…?? …??…??…??…?¨?,0
…??…?¦…??…??…?ψ …?…?…??…??…??…?? …??…?…??…??…??…??…??…??…?…??…?? …??…??…?…??…??…??…??…??…?? …?ύ…??…??…??…??…??…? …?…?…?ύ…?? …??…?…??…?…?? …??…?ψ…??…?? …??…??…?®…?¦…??…??…??…??…?…??…?? …? …??…?ύ …??…?ψ…?…??…?,1
…?®…?…?ψ…?¨ …??…??…??…??…?¨…?? …?…??…??…??…?? …??…??…?? …??…??…??…??! …??…??…??…??…??…?¦: giftbd.coƒ??…?ψ…??…?®…??…?ψ…??…?ύ …??…??…?­ …??…??…??…??…?…?,1
"…??…?…??…??…??…??…?¬…?? …??…??…?ψ…??…?¦, …??…??…??…?? …??…?¨…??…?? …??…?…?ύ…?¨…?? …??…??…?",0
…?®…?…?ψ…?¨ …?­…??…??…?? …?®GB …??…??…??…?…?ψ …??…?? …??…?-…??…??-…??…??…??…?®! …??…?…?ύ…??…??…??: bestoffer.live,1
…??…??…?? …??…??…?¬ …??…?ψ…?…??! …??…?¨…?­…?¨…?? …??…??…??…?? …??…?¨…??…?? …??…?? …??…??…??…?? …??…?¦…??…?ψ…?…??…??…? …??…??…?¬…??…??: dealhub.xyz,1
…??…??…?ύ …??…??…??…?ύ …??…?:…??…?? …?…??…?? …??…?ψ…?…??…?,0
…??…??…?ύ…??…?? …??…??…??…?? …??…??…?…??? …??…??…?¨ …??…?¨…??…?? …??…??…?…??…?,0
…??…?ψ…??…??…?ψ…?¨ …??…??…?…??…??…?? …??…??…?? …??…??…??…?? …??…??…?…??…??…??…?¨…??ƒ??…??…??…?ψ…?¨…?®…??…??: giftbd.co …??…??…?­: …??…??…?®…??…??…??,1
…?…?¨…??…?¨…??…??…??…?? …??…?? …??…?¨…??…?? …??…?®% …?ψ…?¨…??…??…?ψ…?…??! …?…?¨…??…?…??…??…?ψ…?¨…??: dealhub.xyz (…?…?…?…??…?¨ …??…??…??),1
…??…?¨…??…??…??…?…?? …??…??…?­ …?¦…?…?? …??…?ψ…??…?¨…???,0
"…?ψ…?¨…?¦…??…?ψ…?…??…??…?? …??…?¦…?­…??…?? …??…?ψ…?? …??…?¨…??, …?­…??…?­…?ύ…??…??…?? …??…??…?ύ…?",0
"…??…??…??…??…??…??, …??…?¨…??…??…?ψ …??…?…??…??…??…??…??…??…??…??…??…?…?? …??…??…?…??…?¨…??…??…?ψ …?­…??…?­…?ύ…??…??…?? …??…?-…??…??-…??…??…??…?®…?",0
Covid …??…??…??…??…??…?…?? …??…??…?…?¨…?ύ …??…??…?? …??…??…??…?? …??…??…?…??…??…??…?¨…??…? …??…?…?ψ…??…?…?? …??…?…?…?? …??…?¦…?­…??…?? …??…?ψ…?…??: giftbd.co,1
…??…??…?? …??…??…?¬ …??…?ψ…?…??! …??…?¨…?­…?¨…?? …??…??…??…?? …??…?¨…??…?? …??…?? …??…??…??…?? …??…?¦…??…?ψ…?…??…??…? …??…??…?¬…??…??: promo24.net,1
…??…?¨…?? …?ψ…??…??…?¨…??…?…??…?…?ψ…??…??…?? …??…??…??…?…?¦…??…?ψ…?…?…? …??…?-…??…??-…??…??…??…?® …?…?ψ …??…??…?? …??…??…??…??…?? …??…?? …??…?ψ…?ύ…?? …??…?¨…?? …?…??…?…?? …??…?…??…? …??…?¨…??…?¨…??: bestoffer.live,1
…??…?ψ…??…??…?ψ…?¨ …??…??…?…??…??…?? …??…?¦…??…?? …??…??…??…?? …??…??…?…??…??…??…?¨…??ƒ??…??…??…?ψ…?¨…?®…??…??: dealhub.xyz …??…??…?­: …??…??…??…?¦…?…??,1
…??…?…?¦…??…?ψ …??…??…?ύ! Xiaomi …?®…??…?? …??…?? …??…??…??…??ƒ??…??…?…??…?? …??…??…??…?¨…??…? …??…?ψ…?…?­…??…?ψ …??…?ψ…?…??: dealhub.xyz,1
…??…?ψ…??…??…?ψ…?¨ …??…??…?…??…??…?? …??…?¦…??…??…?? …??…??…??…?? …??…??…?…??…??…??…?¨…??ƒ??…??…??…?ψ…?¨…?®…??…??: bestoffer.live …??…??…?­: …?…??…??…??…??…??,1
"…?…??…??…?? …??…?…?…?¨…??…?…?! …??…??…??-…?…??…??…??…?­ …??…?, …??…?¨…??…?? …?? …??…?…?…??…?? …??…??…??, …??…?? …??…??…??…?? …??…??…??…??…? WhatsApp …??…?ψ…?…?? …??…??…?¦…??…?…?¦…??…??…?®…??…??",1
…??…?ψ…?…?ψ…?¨: …??…?¦…??…??…?ψ …?ψ…??…??…?? KYC …??…??…??…?¬…??…??…??…??…?…??…??…?ψ…?…?…? …??…?¦…?­…??…?? …??…?ψ…?…?? …??…??-…??…??-…??…??…??…?® …?…?ψ …??…??…?…??…??: luckydraw.in,1
"…?…??…??…?? …??…?…?…?¨…??…?…?! …??…??…??-…?…??…??…??…?­ …??…?, …??…?¨…??…?? …?® …??…?…?…??…?? …??…??…??, …??…?? …??…??…??…?? …??…??…??…??…? WhatsApp …??…?ψ…?…?? …??…??…?®…??…??…?¦…??…??…??…??…?®",1
"…??…?? …??…?®…?¨…??…?? …?…??…??…? …?ύ…??…?? …??…??…?…??, …??…?…?ψ…??…?®…?¨…?? …??…??…??…?",0
…?…??…??…?? …?…?¨…??…??…?? …??…?…??…??…??…?…?…??…??…?? …?¦…??…?? …??…??…??…??! …??…??…?®…??…?ψ…?…?? …??…?ψ…??…?? PIN …?¦…??…?…??…?? …??…??…??…?®…?¦…?® (…??…??…??…??…?ψ …??…?ψ…?…??…?? …??…??)…?,1
…?ύ…??…??…?¨ …??…??…??…?…??…??…??…?ψ! Vivo S23 …??…??…??…?…?ψ …?® …??…??…??…?? …??…??…?…?ψ…?¨…??…?? …?…?…??…?¨…??…? dealhub.xyz,1
…??…?? …??…?®:…??…?® …??…??…?? …??…??…?ύ…??…??…?? …??…?…?ύ…??…??…?,0
…??…?¨…?? …?ψ…??…??…?¨…??…?…??…?…?ψ…??…??…?? …??…??…??…?…?¦…??…?ψ…?…?…? …??…??-…??…??-…??…??…??…?® …?…?ψ …??…??…?? …??…??…??…??…?? …??…?? …??…?ψ…?ύ…?? …??…?¨…?? …?…??…?…?? …??…?…??…? …??…?¨…??…?¨…??: shopx.com,1
…??…??…?ύ …??…??…??…?ύ …??…??:…??…?® …?…??…?? …??…?ψ…?…??…?,0
…?…?¨…??…?¨…??…??…??…?? …??…?? …??…?¨…??…?? …??…?®% …?ψ…?¨…??…??…?ψ…?…??! …?…?¨…??…?…??…??…?ψ…?¨…??: luckydraw.in (…?…?…?…??…?¨ …??…??…??),1
"…?ψ…?¨…?¦…??…?ψ…?…??…??…?? …??…?¦…?­…??…?? …??…?ψ…?? …??…?¨…??, …?­…??…?­…?ύ…??…??…?? …??…??…?ύ…?",0
…??…?ψ…?…?ψ…?¨: …??…?¦…??…??…?ψ …?ψ…??…??…?? KYC …??…??…??…?¬…??…??…??…??…?…??…??…?ψ…?…?…? …??…?¦…?­…??…?? …??…?ψ…?…?? …??…??-…??…??-…??…??…??…?® …?…?ψ …??…??…?…??…??: giftbd.co,1
"…?…??…??…?? …?¦…??…??…?? …??…??…??…?¨, …??…??…?…??…?…??…??…?",0
"…??…?? …??…?…??…??…?­…??…?? …??…?…??…?? …??…?¨…??…?? …?¦…??…?ψ…??, …?¦…?…?ψ…??…?…??…?…?? …?…??…??…?¨…??…?",0
…?®…?…?ψ…?¨ …??…??…?…??…??…?ψ…??…??…?? …??GB! SMS …? …??…?¦…??…??…?¦…?? …?ψ…?¨…?¦…?…?ύ…??…?? …??…?ψ…?…?? …?…?…?? luckydraw.in …??…?¨…??…?¨…?? …??…?ψ…?…??…?,1
…??…??…?ύ …??…?¨…??…??…??…?? …??…??…??…??…?? …??…??…?…?? …??…??…??…?¨?,0
"…??…??…?ψ …?…??…??…??…?ψ …?…?¨…??…??…??…?? …?¦…??…?…??, …?ψ…??…??…?­…??…?ψ …??…??…?…??…?",0
…?®…?ύ…??…?®…?ύ …??…?…?? …??…?¨…?…?? …?…?ύ…??…??…???,0
…??…?…?¦…?…?ψ…?? …??…?…??…??…??…?…??…?¨…??…?? …??…??…??…?? …??…?…??…?,0
"…??…??…?ύ …??…?…??…?¨ …?…?ψ …??…??…?…?? …??…?…?ύ…??…?? …??…??…??, …??…??…??…?? …??…?…?ύ …??…?? …??…?ψ…??…? …??…??…??…?¬ …??:…??…??…?",0
…??…??…??…??…?…?ϊ…?…?¨…?? …?ύ…??…?? …??…?? …??…??…??…??! …??…??…?…?ύ giftbd.co …??…?¨…??…?¨…?? …??…?ψ…?? …??…?…??…??…?? …??…?ψ…?…??…? …?¦…?…?ψ…??…??…??…?¨…?? …?®…?¨ …?®…?? …??…??…??…?? …??…??…?? …? …??…?¨…??…?,1
…??…?ψ…?…?ψ…?¨: …??…?¦…??…??…?ψ …??…?¦…??…?? KYC …??…??…??…?¬…??…??…??…??…?…??…??…?ψ…?…?…? …??…?¦…?­…??…?? …??…?ψ…?…?? …??…??-…??…??-…??…??…??…?® …?…?ψ …??…??…?…??…??: giftbd.co,1
…??…??…?ψ …??…??…?…?…?ψ…??…?? …??…??…?…?? …??…??…??…?¨?,0
…??…?…?¦…?…?ψ…?? …??…?…??…??…??…?…??…?¨…??…?? …??…??…??…?? …??…?…??…?,0
…??…?¨…??…??…??…?…?? …??…??…?­ …?¦…?…?? …??…?ψ…??…?¨…???,0
…??…?…?¦…?…?ψ…?? …??…?…??…??…??…?…??…?¨…??…?? …??…??…??…?? …??…?…??…?,0
…??…??…?? …??…??…?¬ …??…?ψ…?…??! …??…?¨…?­…?¨…?? …??…??…??…?? …??…?¨…??…?? …??…?? …??…??…??…?? …??…?¦…??…?ψ…?…??…??…? …??…??…?¬…??…??: dealhub.xyz,1
"…??…?? …??…?…??…??…?­…??…?? …??…?…??…?? …??…?¨…??…?? …?¦…??…?ψ…??, …?¦…?…?ψ…??…?…??…?…?? …?…??…??…?¨…??…?",0
"…?ψ…?¨…?¦…??…?ψ…?…??…??…?? …??…?¦…?­…??…?? …??…?ψ…?? …??…?¨…??, …?­…??…?­…?ύ…??…??…?? …??…??…?ύ…?",0
…??…??…?ύ …??…?¨…??…??…??…?? …??…??…??…??…?? …??…??…?…?? …??…??…??…?¨?,0
…??…??…?ύ…??…?? …??…??…??…?? …??…??…?…??? …??…??…?¨ …??…?¨…??…?? …??…??…?…??…?,0
…??…?…?¦…?…?ψ…?? …??…?…??…??…??…?…??…?¨…??…?? …??…??…??…?? …??…?…??…?,0
"…??…??…?ύ …??…??…?ψ…??…?? …?…?ψ …??…??…?…?? …??…?…?ύ…??…?? …??…??…??, …??…??…??…?? …??…?…?ύ …??…?? …??…?ψ…??…? …??…??…??…?¬ …??…??:…?¦…?®…?",0
…??…?? Grameenphone …??…??…?? …??…??…?ψ …?ύ…??…??…??…?? …??…??…???,0
…?¦…??…??…??…??…?…??…??…?? …?¦…??…??…??…??…??? …??…?¦…??…?? …? …?¦…??…?…?¨…??…??…??…?¨…?,0
…??…?ψ…??…??…?ψ…?¨ …??…??…?…??…??…?? …??…?¦…?? …??…??…??…?? …??…??…?…??…??…??…?¨…??ƒ??…??…??…?ψ…?¨…?®…??…??: shopx.com …??…??…?­: …??…?¦…??…?…??…??,1
"…??…?…??…??…??…??…?¬…?? …??…??…?ψ…??…?¦, …??…??…??…?? …??…?¨…??…?? …??…?…?ύ…?¨…?? …??…??…?",0
…??…??…?? …??…??…?¬ …??…?ψ…?…??! …??…?¨…?­…?¨…?? …??…??…??…?? …??…?¨…??…?? …?® …??…??…??…?? …??…?¦…??…?ψ…?…??…??…? …??…??…?¬…??…??: dealhub.xyz,1
"…?®…??…??…?ύ…??…?? …??…??…??…?ύ…?? …?¦…??…?…?¨…??…??…??…?¨, …??…??…??…?? …??…??…??…?¨…??…?",0
…?…?¨…??…?¨…??…??…??…?? …??…?? …??…?¨…??…?? …??…?®% …?ψ…?¨…??…??…?ψ…?…??! …?…?¨…??…?…??…??…?ψ…?¨…??: bestoffer.live (…?…?…?…??…?¨ …??…??…??),1
…?…?¨…??…??…??…??…?ύ…?…??…?? Tecno …??…??…??…??! …??…?¨…?¦…?¨…?? …?®…?¨ …??…??…?? …??…??…??…?? …?…?¨…??…??…?? …? …??…?¨…??: dealhub.xyz,1
Covid …??…??…??…??…??…?…?? …??…??…?…?¨…?ύ …?®…??…?? …??…??…??…?? …??…??…?…??…??…??…?¨…??…? …??…?…?ψ…??…?…?? …??…?…?…?? …??…?¦…?­…??…?? …??…?ψ…?…??: shopx.com,1
…?…?¨…??…??…??…??…?ύ…?…??…?? Samsung …??…??…??…??! …??…?¨…?¦…?¨…?? …?®…?¨ …??…?? …??…??…??…?? …?…?¨…??…??…?? …? …??…?¨…??: dealhub.xyz,1
…??…?¦…??…??…?ψ …??…?…??…??…??…??…??…??…?…?? …?…?…?ύ…?? …??…?…??! Prime Bank …??…??…?ψ…?¨…?®…??…?? …??…?ψ…??…?? giftbd.co …? …??…?¨…??…?? OTP …??…?¦…??…??…??…?® …??…??…?…??…?¨…?? …??…?ψ…?…??…? …??…?ψ…?…?ψ…?¨!,1
…??…??…?ύ …??…??…??…?ύ …??…??:…??…?® …?…??…?? …??…?ψ…?…??…?,0
"…?…??…??…?? …??…?…?…?¨…??…?…?! …??…??…??-…?…??…??…??…?­ …??…?, …??…?¨…??…?? …?? …??…?…?…??…?? …??…??…??, …??…?? …??…??…??…?? …??…??…??…??…? WhatsApp …??…?ψ…?…?? …??…??…??…??…?…??…??…??…??…??…??",1
…??…??…?ψ …??…??…?…?…?ψ…??…?? …??…??…?…?? …??…??…??…?¨?,0
"…?…??…??…?? …??…?…?…?¨…??…?…?! …??…??…??-…?…??…??…??…?­ …??…?, …??…?¨…??…?? …?® …??…?…?…??…?? …??…??…??, …??…?? …?¦…??…??…?? …??…??…??…??…? WhatsApp …??…?ψ…?…?? …??…??…??…?…??…?®…??…?…??…?®…??",1
"…?…??…??…?? …?¦…??…??…?? …??…??…??…?¨, …??…??…?…??…?…??…??…?",0
…?¦…??…??…??…??…?…??…??…?? …?¦…??…??…??…??…??? …?…?¨…??…??…?? …? …?¦…??…?…?¨…??…??…??…?¨…?,0
…??…?ψ…??…??…?ψ…?¨ …??…??…?…??…??…?? …??…?¦…??…?? …??…??…??…?? …??…??…?…??…??…??…?¨…??ƒ??…??…??…?ψ…?¨…?®…??…??: giftbd.co …??…??…?­: …?…?…?®…??…??…??,1
…??…?? Banglalink …??…??…?? …??…??…?ψ …?ύ…??…??…??…?? …??…??…???,0
…??…?¨…??…?¨…?? …?ύ…?¨…??…??…??…?? …??…??…??…??…?ψ …??…?ψ…?,0
…??…?¨…??…?¨…?? …?ύ…?¨…??…??…??…?? …??…??…??…??…?ψ …??…?ψ…?,0
…?¦…??…??…??…??…?…??…??…?? …?¦…??…??…??…??…??? …?…?¨…??…??…?? …? …?¦…??…?…?¨…??…??…??…?¨…?,0
…?…??…??…?? …?ψ…??…??…?? …??…?…??…??…??…?…?…??…??…?? …??…??…?? …??…??…??…??! …??…??…?®…??…?ψ…?…?? …??…?ψ…??…?? PIN …?¦…??…?…??…?? …?¦…?…?¦…??…?…?? (…??…??…??…??…?ψ …??…?ψ…?…??…?? …??…??)…?,1
"…??…??…??…?¨…?ψ, …??…?¨…??…??…?ψ …??…?…??…??…??…??…??…??…??…??…??…?…?? …??…??…?…??…?¨…??…??…?ψ …?­…??…?­…?ύ…??…??…?? …??…??-…??…??-…??…??…??…?®…?",0
…??…?? …?…?ύ…??…??…?? …?®…?¨…?ψ…??…?? …??…??…?ψ…?¨ …??…?ψ…?¨…?? …??…??…?,0
"IFIC …? …??…??…??…?? …??…??…??…??…?? …??…?¨…??…??…??…?¨, …??…??…?? …??…??…?ψ…?? …?®…??…?ύ…??…??…?¨…?",0
…??…??…?ύ…??…?? …??…??…??…?? …??…??…?…??? …??…??…?¨ …??…?¨…??…?? …??…??…?…??…?,0
"…?…?¨…??…??…?ύ…?? …?ψ…?¨…??…??…?? …?…?ψ …?…??…??…??…?? …??…??…??…?…??…?¨, …??…?…?? …??…??…?…?¨?",0
…?…?¨…??…?¨…??…??…??…?? …??…?? …??…?¨…??…?? …?®…??% …?ψ…?¨…??…??…?ψ…?…??! …?…?¨…??…?…??…??…?ψ…?¨…??: shopx.com (…?…?…?…??…?¨ …??…??…??),1
"…??…??, …??…?? …??…??:…??…?® …? …??…?¨…??…?¨…?? …?ψ…?…??-…?? …? …??…??…??…?? …??…?…??…?",0
…??…??…?? …??…??…?¬ …??…?ψ…?…??! …??…?¨…?­…?¨…?? …??…??…??…?? …??…?¨…??…?? …?® …??…??…??…?? …??…?¦…??…?ψ…?…??…??…? …??…??…?¬…??…??: shopx.com,1
…?®…?…?ψ…?¨ …??…??…?…??…??…?ψ…??…??…?? …??…??GB! SMS …? …??…??…??…?¦…?¦…? …?ψ…?¨…?¦…?…?ύ…??…?? …??…?ψ…?…?? …?…?…?? promo24.net …??…?¨…??…?¨…?? …??…?ψ…?…??…?,1
…?…?¨…??…?¨…??…??…??…?? …??…?? …??…?¨…??…?? …?¦…??% …?ψ…?¨…??…??…?ψ…?…??! …?…?¨…??…?…??…??…?ψ…?¨…??: giftbd.co (…?…?…?…??…?¨ …??…??…??),1
…??…?? …??…??:…??…?? …??…??…?? …??…??…?ύ…??…??…?? …??…?…?ύ…??…??…?,0
"…??…??…??…??…??…?ψ, …??…?? …??…??:…??…?? …? …??…?¨…??…?¨…?? …?ψ…?…??-…?? …? …??…??…??…?? …??…?…??…?",0
"…??…??…?ψ …?…??…??…??…?ψ …?…?¨…??…??…??…?? …?¦…??…?…??, …?ψ…??…??…?­…??…?ψ …??…??…?…??…?",0
…??…??…?? …??…??…?¬ …??…?ψ…?…??! …??…?¨…?­…?¨…?? …??…??…??…?? …??…?¨…??…?? …?®…??…?? …??…??…??…?? …??…?¦…??…?ψ…?…??…??…? …??…??…?¬…??…??: shopx.com,1
"…?ψ…?¨…?¦…??…?ψ…?…??…??…?? …??…?¦…?­…??…?? …??…?ψ…?? …??…?¨…??, …?­…??…?­…?ύ…??…??…?? …??…??…?ύ…?",0
"…?®…??…??…?ύ…??…?? …??…??…??…?ύ…?? …?¦…??…?…?¨…??…??…??…?¨, …??…??…??…?? …??…??…??…?¨…??…?",0
PayPal/Payoneer …??…??…?ψ…?¨…?®…??…?? …?…??…??…??…?? …??…??…??…?? …??…??…??…??. …?ύ…?¨…??…?…??: luckydraw.in …??…??…?­: …?¦…??…??…?¦…??…??,1
…?…?¨…??…??…??…??…?ύ…?…??…?? Tecno …??…??…??…??! …??…?¨…?¦…?¨…?? …?®…?¨ …??…?? …??…??…??…?? …??…??…?? …? …??…?¨…??: dealhub.xyz,1
…??…?¨…?? …?ψ…??…??…?¨…??…?…??…?…?ψ…??…??…?? …??…??…??…?…?¦…??…?ψ…?…?…? …??…?¦-…??…??-…??…??…??…?® …?…?ψ …??…??…?? …??…??…??…??…?? …??…?? …??…?ψ…?ύ…?? …??…?¨…?? …?…??…?…?? …??…?…??…? …??…?¨…??…?¨…??: promo24.net,1
…??…?¨…??…?¨…?? …?ύ…?¨…??…??…??…?? …??…??…??…??…?ψ …??…?ψ…?,0
…?…??…??…?? …??…?¦…??…?? …??…?…??…??…??…?…?…??…??…?? …??…??…?? …??…??…??…??! …??…??…?®…??…?ψ…?…?? …??…?ψ…??…?? PIN …?¦…??…?…??…?? …??…?…??…??…?…?® (…??…??…??…??…?ψ …??…?ψ…?…??…?? …??…??)…?,1
"…??…?? …??…?…??…??…?­…??…?? …??…?…??…?? …??…?¨…??…?? …?¦…??…?ψ…??, …?¦…?…?ψ…??…?…??…?…?? …?…??…??…?¨…??…?",0
…??…?¦…??…??…?ψ …?¦…??…?ψ…?…??…??…?ύ …??…??…?ύ…?…?­…?? …??…??…??…? …?­…??…?ύ…?¨…??…??…?ψ…?¨ …??…?¨…??…?…??…?¨…?? …??…?ψ…??…?? …?®…??…?? …??…??…??…?? …?…?¨…??…??…?? …? …??…?¨…??…? …??…?…?ψ…?…??…??…??: giftbd.co,1
PayPal/Payoneer …??…??…?ψ…?¨…?®…??…?? …?…??…??…??…?? …??…?¦…??…?? …??…??…??…??. …?ύ…?¨…??…?…??: promo24.net …??…??…?­: …??…?…??…?…??…?,1
…?®…?…?ψ…?¨ …??…??…??…??…?¨…?? …?…??…??…??…?? …??…??…??…?? …??…??…??…??! …??…??…??…??…??…?¦: luckydraw.inƒ??…?ψ…??…?®…??…?ψ…??…?ύ …??…??…?­ …??…??…?®…??…?¦…??,1
…??…??…?ύ …??…??…??…?ύ …??…??:…??…?? …?…??…?? …??…?ψ…?…??…?,0
…??…?¨…?? …?ψ…??…??…?¨…??…?…??…?…?ψ…??…??…?? …??…??…??…?…?¦…??…?ψ…?…?…? …??…??-…??…??-…??…??…??…?® …?…?ψ …??…??…?? …??…??…??…??…?? …??…?? …??…?ψ…?ύ…?? …??…?¨…?? …?…??…?…?? …??…?…??…? …??…?¨…??…?¨…??: dealhub.xyz,1
…??…??…??…?¨…??…? …??…??…?…??…?…??…?…?ψ…??…??…? …??…?ψ…?? …??…?? …??…??…??…?? …??…??/…??…?¨…?­…?¨…??! …??…??…?¬…??…??: dealhub.xyz,1
…?®…?…?ψ…?¨ …?­…??…??…?? …??GB …??…??…??…?…?ψ …??…?? …??…?®-…??…??-…??…??…??…?®! …??…?…?ύ…??…??…??: luckydraw.in,1
"…??…?? …??…?…??…??…?­…??…?? …??…?…??…?? …??…?¨…??…?? …?¦…??…?ψ…??, …?¦…?…?ψ…??…?…??…?…?? …?…??…??…?¨…??…?",0
…??…?¦…??…??…?ψ …??…?…??…??…??…?…?? …?ψ…?¨…?®…??…??…?…?­ …?¦…??…?? …??…??…??…?? …?¦…?…?ψ…??…?…??…?…??…? …??…?¨…??…?? …?ύ…??…??…?? …??…?ψ…?…??: dealhub.xyz,1
…??…?¦…??…??…?ψ …?¦…?…?ψ…??…?…??…??…?ψ …??…??…??…?? …??…??…??…??! dealhub.xyz …? …??…?¨…??…?? …??…?…?ύ…??…??…?? …??…?ψ…?…??…? …?ψ…??…?®…??…?ψ…??…??…?…??: OD402218,1
…??…??…?ύ …??…?¨…??…??…??…?? …??…??…??…??…?? …??…??…?…?? …??…??…??…?¨?,0
…??…?¨…??…?¨…?? …?ύ…?¨…??…??…??…?? …??…??…??…??…?ψ …??…?ψ…?,0
…??…??…??…??…?…?ϊ…?…?¨…?? …?ύ…??…?? …??…??…?? …??…??…??…??! …??…??…?…?ύ luckydraw.in …??…?¨…??…?¨…?? …??…?ψ…?? …??…?…??…??…?? …??…?ψ…?…??…? …?¦…?…?ψ…??…??…??…?¨…?? …?®…?¨ …??…??…??…?? …??…??…??…?? …?ψ…??…??…?? …? …??…?¨…??…?,1
…??…?ψ…??…??…?ψ…?¨ …??…??…?…??…??…?? …??…??…??…?? …??…??…??…?? …??…??…?…??…??…??…?¨…??ƒ??…??…??…?ψ…?¨…?®…??…??: bestoffer.live …??…??…?­: …??…??…??…?¦…?¦…?¦,1
…?…?¨…??…?¨…??…??…??…?? …??…?? …??…?¨…??…?? …??…?®% …?ψ…?¨…??…??…?ψ…?…??! …?…?¨…??…?…??…??…?ψ…?¨…??: luckydraw.in (…?…?…?…??…?¨ …??…??…??),1
PayPal/Payoneer …??…??…?ψ…?¨…?®…??…?? …?…??…??…??…?? …??…??…??…?? …??…??…??…??. …?ύ…?¨…??…?…??: giftbd.co …??…??…?­: …??…?®…?®…?…??…??,1
…?…?¨…??…??…??…??…?ύ…?…??…?? Vivo …??…??…??…??! …??…?¨…?¦…?¨…?? …?®…?¨ …?® …??…??…??…?? …??…?¦…??…?? …? …??…?¨…??: promo24.net,1
…??…?? …?…?ύ…??…??…?? …?®…?¨…?ψ…??…?? …??…??…?ψ…?¨ …??…?ψ…?¨…?? …??…??…?,0
…?®…?…?ψ…?¨ …??…??…?…??…??…?ψ…??…??…?? …??…??GB! SMS …? …??…?®…??…??…??…?? …?ψ…?¨…?¦…?…?ύ…??…?? …??…?ψ…?…?? …?…?…?? bestoffer.live …??…?¨…??…?¨…?? …??…?ψ…?…??…?,1
…??…??…?ύ …??…??…??…?ύ …??…??:…?¦…?® …?…??…?? …??…?ψ…?…??…?,0
…??…?ψ…?…?ψ…?¨: …??…?¦…??…??…?ψ …??…??…?? KYC …??…??…??…?¬…??…??…??…??…?…??…??…?ψ…?…?…? …??…?¦…?­…??…?? …??…?ψ…?…?? …??…??-…??…??-…??…??…??…?® …?…?ψ …??…??…?…??…??: giftbd.co,1
…??…?¦…??…??…?ψ …??…?…??…??…??…??…??…??…?…?? …?…?…?ύ…?? …??…?…??! Prime Bank …??…??…?ψ…?¨…?®…??…?? …??…?ψ…??…?? luckydraw.in …? …??…?¨…??…?? OTP …??…??…?…??…?¦…?® …??…??…?…??…?¨…?? …??…?ψ…?…??…? …??…?ψ…?…?ψ…?¨!,1
…??…?? …??…??:…?¦…?® …??…??…?? …??…??…?ύ…??…??…?? …??…?…?ύ…??…??…?,0
"…??…??…?ψ …?…??…??…??…?ψ …?…?¨…??…??…??…?? …?¦…??…?…??, …?ψ…??…??…?­…??…?ψ …??…??…?…??…?",0
…??…?…?ύ…??…?? …??…?¨…?­…?¨…??…?ύ…??…?? …?¦…??…?…??…?…?¨?,0
…??…?? …?…?ύ…??…??…?? …?®…?¨…?ψ…??…?? …??…??…?ψ…?¨ …??…?ψ…?¨…?? …??…??…?,0
…??…??…??…?¨…??…? …??…??…?…??…?…??…?…?ψ…??…??…? …??…?ψ…?? …??…?® …??…??…??…?? …??…??/…??…?¨…?­…?¨…??! …??…??…?¬…??…??: bestoffer.live,1
…??…?¦…??…??…?ψ …??…?…??…??…??…??…??…??…?…?? …?…?…?ύ…?? …??…?…??! City Bank …??…??…?ψ…?¨…?®…??…?? …??…?ψ…??…?? dealhub.xyz …? …??…?¨…??…?? OTP …??…??…??…??…??…?? …??…??…?…??…?¨…?? …??…?ψ…?…??…? …??…?ψ…?…?ψ…?¨!,1
…??…?? …?…?ύ…??…??…?? …?®…?¨…?ψ…??…?? …??…??…?ψ…?¨ …??…?ψ…?¨…?? …??…??…?,0
"…?¦…?ψ…??…? …??…??…??…??…??…?ψ …?…?ψ …??…??…?…??…??…?¨…??, …??…?¨…?®…?? …??…?? …??…??…?…???",0
"…??…??…?ύ …??…?…??…??…??…??…?? …?…?ψ …??…??…?…?? …??…?…?ύ…??…?? …??…??…??, …??…??…??…?? …??…?…?ύ …??…?? …??…?ψ…??…? …??…??…??…?¬ …??…??:…??…??…?",0
"…??…?…??…?¨ …??…?? …??…?®…?¨…??…?? …??…??…?…?? …??…??, …??…??…?…??…?…?…?",0
Samsung …?®…?…?ύ…?…??…??…?? …??…??…?ύ! …?¦…?…?ψ…?…?? …??…??…?? …??…??…??…?ψ …??…??…?…?? …?¦…??…??…?? …??…??…??…?? …?­…?¨…??…??…??…??…??…?…??…? …??…?…?¦…??: …??…??…??…??…??…?¦,1
…??…?…?¦…??…?ψ …??…??…?ύ! Xiaomi …?®…??…?? …??…?¦…??…?? …??…??…??…??ƒ??…??…?…??…?? …??…??…??…?¨…??…? …??…?ψ…?…?­…??…?ψ …??…?ψ…?…??: shopx.com,1
…??…??…?ύ …??…??…??…?ύ …??…??:…??…?? …?…??…?? …??…?ψ…?…??…?,0
…?ύ…??…??…?¨ …??…??…??…?…??…??…??…?ψ! iPhone A54 …??…??…??…?…?ψ …??…??…?? …??…??…??…?? …??…??…?…?ψ…?¨…??…?? …?…?…??…?¨…??…? shopx.com,1
…?ύ…??…??…?¨ …??…??…??…?…??…??…??…?ψ! Tecno A54 …??…??…??…?…?ψ …?®…??…?? …??…??…??…?? …??…??…?…?ψ…?¨…??…?? …?…?…??…?¨…??…? luckydraw.in,1
"…?…?¨…??…??…?ύ…?? …??…??…?¨…?® …?…?ψ …?…??…??…??…?? …??…??…??…?…??…?¨, …??…?…?? …??…??…?…?¨?",0
…?®…?…?ψ…?¨ …??…??…?…??…??…?ψ…??…??…?? …??…??GB! SMS …? …??…?…?¦…?…??…? …?ψ…?¨…?¦…?…?ύ…??…?? …??…?ψ…?…?? …?…?…?? shopx.com …??…?¨…??…?¨…?? …??…?ψ…?…??…?,1
"…??…??, …??…?¨…??…??…?ψ …??…?…??…??…??…??…??…??…??…??…??…?…?? …??…??…?…??…?¨…??…??…?ψ …?­…??…?­…?ύ…??…??…?? …??…??-…??…??-…??…??…??…?®…?",0
"…?ψ…?¨…?¦…??…?ψ…?…??…??…?? …??…?¦…?­…??…?? …??…?ψ…?? …??…?¨…??, …?­…??…?­…?ύ…??…??…?? …??…??…?ύ…?",0
…??…?¨…??…?¨…?? …?ύ…?¨…??…??…??…?? …??…??…??…??…?ψ …??…?ψ…?,0
…?¦…??…??…??…??…?…??…??…?? …?¦…??…??…??…??…??? …?…?¨…??…??…?? …? …?¦…??…?…?¨…??…??…??…?¨…?,0
…?¦…??…??…??…??…?…??…??…?? …?¦…??…??…??…??…??? …?ψ…??…??…?? …? …?¦…??…?…?¨…??…??…??…?¨…?,0
"…?…?¨…??…??…?ύ…?? …?ψ…?…?…??…?ύ …?…?ψ …?…??…??…??…?? …??…??…??…?…??…?¨, …??…?…?? …??…??…?…?¨?",0
PayPal/Payoneer …??…??…?ψ…?¨…?®…??…?? …?…??…??…??…?? …??…??…?? …??…??…??…??. …?ύ…?¨…??…?…??: shopx.com …??…??…?­: …?®…??…?®…??…??…?¦,1
…??…??…?¨…??…??…?…??…??! …??…?¦…??…?¨ …?ύ…??…??…?¨ …?­…?…?ψ-…? Xiaomi Y21 …??…?¨…??…??…??…??…??…? …??…??…?? …??…??…?…?…?ψ…?? …??…??…??…?? …??…??…??…?? …?®…?¨ …?¦…??…?…?¨…??…?? dealhub.xyz …? …?®…?ψ…?…?? …?¦…??…?ψ…? …??…?ψ…?…??…? …??…??…?­: …??…??…??…?¦…?¦…??,1
…??…?¦…??…??…?ψ …?¦…??…?ψ…?…??…??…?ύ …??…??…?ύ…?…?­…?? …??…??…??…? …?­…??…?ύ…?¨…??…??…?ψ…?¨ …??…?¨…??…?…??…?¨…?? …??…?ψ…??…?? …??…??…??…?? …??…??…??…?? …??…??…?? …? …??…?¨…??…? …??…?…?ψ…?…??…??…??: giftbd.co,1
…??…??…?ύ…??…?? …??…??…??…?? …??…??…?…??? …??…??…?¨ …??…?¨…??…?? …??…??…?…??…?,0
Covid …??…??…??…??…??…?…?? …??…??…?…?¨…?ύ …??…??…??…?? …??…??…??…?? …??…??…?…??…??…??…?¨…??…? …??…?…?ψ…??…?…?? …??…?…?…?? …??…?¦…?­…??…?? …??…?ψ…?…??: bestoffer.live,1
…?¦…??…??…??…??…?…??…??…?? …?¦…??…??…??…??…??? …?…?¨…??…??…?? …? …?¦…??…?…?¨…??…??…??…?¨…?,0
"…??…?…??…??…??…??…?¬…?? …??…??…?ψ…??…?¦, …??…??…??…?? …??…?¨…??…?? …??…?…?ύ…?¨…?? …??…??…?",0
…?¦…??…??…??…??…?…??…??…?? …?¦…??…??…??…??…??? …??…??…?? …? …?¦…??…?…?¨…??…??…??…?¨…?,0
…??…??…??…??…?…?ϊ…?…?¨…?? …?ύ…??…?? …??…?¦…?? …??…??…??…??! …??…??…?…?ύ bestoffer.live …??…?¨…??…?¨…?? …??…?ψ…?? …??…?…??…??…?? …??…?ψ…?…??…? …?¦…?…?ψ…??…??…??…?¨…?? …?®…?¨ …??…?? …??…??…??…?? …??…??…?? …? …??…?¨…??…?,1
…?®…?…?ψ…?¨ …??…??…?…??…??…?ψ…??…??…?? …??GB! SMS …? …??…?®…??…?®…?¦…?? …?ψ…?¨…?¦…?…?ύ…??…?? …??…?ψ…?…?? …?…?…?? shopx.com …??…?¨…??…?¨…?? …??…?ψ…?…??…?,1
"…??…?? …??…?…??…??…?­…??…?? …??…?…??…?? …??…?¨…??…?? …?¦…??…?ψ…??, …?¦…?…?ψ…??…?…??…?…?? …?…??…??…?¨…??…?",0
…??…??…??…??…?…?ϊ…?…?¨…?? …?ύ…??…?? …??…?¦…??…?? …??…??…??…??! …??…??…?…?ύ giftbd.co …??…?¨…??…?¨…?? …??…?ψ…?? …??…?…??…??…?? …??…?ψ…?…??…? …?¦…?…?ψ…??…??…??…?¨…?? …?®…?¨ …??…?? …??…??…??…?? …?ψ…??…??…?? …? …??…?¨…??…?,1
…?…?¨…??…?¨…??…??…??…?? …??…?? …??…?¨…??…?? …??…?®% …?ψ…?¨…??…??…?ψ…?…??! …?…?¨…??…?…??…??…?ψ…?¨…??: giftbd.co (…?…?…?…??…?¨ …??…??…??),1
…??…?…?ύ…??…?? …??…?¨…?­…?¨…??…?ύ…??…?? …?¦…??…?…??…?…?¨?,0
…??…?¨…??…??…??…?…?? …??…??…?­ …?¦…?…?? …??…?ψ…??…?¨…???,0
Covid …??…??…??…??…??…?…?? …??…??…?…?¨…?ύ …??…??…?? …??…??…??…?? …??…??…?…??…??…??…?¨…??…? …??…?…?ψ…??…?…?? …??…?…?…?? …??…?¦…?­…??…?? …??…?ψ…?…??: promo24.net,1
…??…?¦…??…??…?ψ Teletalk …??…?¨…??…?? …?…??…??…??…?? …??…??…??…?? …??…??…??…??! …?¦…??…??…?? …?…??…??…?? promo24.net …? …?ύ…??…??…?? …??…?ψ…?? …??…??…?­ …??…??…?…??…??…?? …??…?¨…??…?,1
…??…?¦…??…??…?ψ Robi …??…?¨…??…?? …?…??…??…??…?? …??…??…??…?? …??…??…??…??! …?¦…??…??…?? …?…??…??…?? promo24.net …? …?ύ…??…??…?? …??…?ψ…?? …??…??…?­ …??…??…??…?¦…??…?¦ …??…?¨…??…?,1
…??…??…??…??…?…?ϊ…?…?¨…?? …?ύ…??…?? …??…?¦…?? …??…??…??…??! …??…??…?…?ύ promo24.net …??…?¨…??…?¨…?? …??…?ψ…?? …??…?…??…??…?? …??…?ψ…?…??…? …?¦…?…?ψ…??…??…??…?¨…?? …?®…?¨ …??…?? …??…??…??…?? …??…?¦…??…?? …? …??…?¨…??…?,1
…??…?¨…??…??…??…?…?? …??…??…?­ …?¦…?…?? …??…?ψ…??…?¨…???,0
…?…?¨…??…?¨…??…??…??…?? …??…?? …??…?¨…??…?? …??…?®% …?ψ…?¨…??…??…?ψ…?…??! …?…?¨…??…?…??…??…?ψ…?¨…??: dealhub.xyz (…?…?…?…??…?¨ …??…??…??),1
…??…?? …?…?ύ…??…??…?? …?®…?¨…?ψ…??…?? …??…??…?ψ…?¨ …??…?ψ…?¨…?? …??…??…?,0
…??…?ψ…?…?ψ…?¨: …??…?¦…??…??…?ψ …?ψ…??…??…?? KYC …??…??…??…?¬…??…??…??…??…?…??…??…?ψ…?…?…? …??…?¦…?­…??…?? …??…?ψ…?…?? …??…?®-…??…??-…??…??…??…?® …?…?ψ …??…??…?…??…??: promo24.net,1
…??…?¦…??…??…?ψ …??…?…??…??…??…?…?? …?ψ…?¨…?®…??…??…?…?­ …??…??…??…?? …??…??…??…?? …?¦…?…?ψ…??…?…??…?…??…? …??…?¨…??…?? …?ύ…??…??…?? …??…?ψ…?…??: dealhub.xyz,1
…??…?¦…??…??…?ψ …?…?…??…??…??…?? …??…?…??…??…??…??…??…??…?…??…?? …??…??…?…??…??…??…??…??…?? …?ύ…??…??…??…??…??…? …?…?…?ύ…?? …??…?…??…?…?? …??…?ψ…??…?? …??…??…?®…??…??…?…??…?…??…??…?? …? …??…?ύ …??…?ψ…?…??…?,1
…?®…?ύ…??…?®…?ύ …??…?…?? …??…?¨…?…?? …?…?ύ…??…??…???,0
…??…??…?ύ…??…?? …??…??…??…?? …??…??…?…??? …??…??…?¨ …??…?¨…??…?? …??…??…?…??…?,0
…??…?¦…??…??…?ψ Grameenphone …??…?¨…??…?? …?…??…??…??…?? …??…?¦…??…?? …??…??…??…??! …?¦…??…??…?? …?…??…??…?? promo24.net …? …?ύ…??…??…?? …??…?ψ…?? …??…??…?­ …??…??…??…?®…?…?® …??…?¨…??…?,1
…?…??…??…?? …??…?¦…??…?? …??…?…??…??…??…?…?…??…??…?? …??…??…??…?? …??…??…??…??! …??…??…?®…??…?ψ…?…?? …??…?ψ…??…?? PIN …?¦…??…?…??…?? …?¦…?®…?¦…??…??…?? (…??…??…??…??…?ψ …??…?ψ…?…??…?? …??…??)…?,1
…?®…?…?ψ…?¨ …?­…??…??…?? …??GB …??…??…??…?…?ψ …??…?? …??…??-…??…??-…??…??…??…?®! …??…?…?ύ…??…??…??: luckydraw.in,1
…??…??…?ψ …??…??…?…?…?ψ…??…?? …??…??…?…?? …??…??…??…?¨?,0
…??…?¨…?? …?ψ…??…??…?¨…??…?…??…?…?ψ…??…??…?? …??…??…??…?…?¦…??…?ψ…?…?…? …??…??-…??…??-…??…??…??…?® …?…?ψ …??…??…?? …??…??…??…??…?? …??…?? …??…?ψ…?ύ…?? …??…?¨…?? …?…??…?…?? …??…?…??…? …??…?¨…??…?¨…??: promo24.net,1
…?…??…??…?? …?…?¨…??…??…?? …??…?…??…??…??…?…?…??…??…?? …??…?¦…??…?? …??…??…??…??! …??…??…?®…??…?ψ…?…?? …??…?ψ…??…?? PIN …?¦…??…?…??…?? …?…??…??…?®…??…?? (…??…??…??…??…?ψ …??…?ψ…?…??…?? …??…??)…?,1
"…??…??…?ύ …??…??…??…??…??…?ψ …?…?ψ …??…??…?…?? …??…?…?ύ…??…?? …??…??…??, …??…??…??…?? …??…?…?ύ …??…?? …??…?ψ…??…? …??…??…??…?¬ …??…??:…?¦…?®…?",0
…?®…?ύ…??…?®…?ύ …??…?…?? …??…?¨…?…?? …?…?ύ…??…??…???,0
…?ύ…??…??…?¨ …??…??…??…?…??…??…??…?ψ! Samsung S23 …??…??…??…?…?ψ …??…?® …??…??…??…?? …??…??…?…?ψ…?¨…??…?? …?…?…??…?¨…??…? giftbd.co,1
"…?…?¨…??…??…?ύ…?? …??…??…?ψ…??…?? …?…?ψ …?…??…??…??…?? …??…??…??…?…??…?¨, …??…?…?? …??…??…?…?¨?",0
…??…?? …??…??:…?¦…?® …??…??…?? …??…??…?ύ…??…??…?? …??…?…?ύ…??…??…?,0
…??…?¦…??…??…?ψ …??…?…??…??…??…??…??…??…?…?? …?…?…?ύ…?? …??…?…??! IFIC …??…??…?ψ…?¨…?®…??…?? …??…?ψ…??…?? luckydraw.in …? …??…?¨…??…?? OTP …??…??…??…?®…?¦…?? …??…??…?…??…?¨…?? …??…?ψ…?…??…? …??…?ψ…?…?ψ…?¨!,1
Covid …??…??…??…??…??…?…?? …??…??…?…?¨…?ύ …??…??…?? …??…??…??…?? …??…??…?…??…??…??…?¨…??…? …??…?…?ψ…??…?…?? …??…?…?…?? …??…?¦…?­…??…?? …??…?ψ…?…??: giftbd.co,1
…?…?¨…??…??…??…??…?ύ…?…??…?? Xiaomi …??…??…??…??! …??…?¨…?¦…?¨…?? …?®…?¨ …??…?? …??…??…??…?? …?…?¨…??…??…?? …? …??…?¨…??: shopx.com,1
"…?…?¨…??…??…?ύ…?? …??…??…??…??…??…?? …?…?ψ …?…??…??…??…?? …??…??…??…?…??…?¨, …??…?…?? …??…??…?…?¨?",0
…?®…?…?ψ…?¨ …?­…??…??…?? …??GB …??…??…??…?…?ψ …??…?? …??…??-…??…??-…??…??…??…?®! …??…?…?ύ…??…??…??: dealhub.xyz,1
…??…??…?ύ …??…??…??…?ύ …??…??:…?¦…?® …?…??…?? …??…?ψ…?…??…?,0
…??…?¦…??…??…?ψ Teletalk …??…?¨…??…?? …?…??…??…??…?? …?¦…??…?? …??…??…??…??! …?¦…??…??…?? …?…??…??…?? bestoffer.live …? …?ύ…??…??…?? …??…?ψ…?? …??…??…?­ …?¦…??…??…??…??…?? …??…?¨…??…?,1
Oppo …?®…?…?ύ…?…??…??…?? …??…??…?ύ! …?¦…?…?ψ…?…?? …??…??…?? …??…??…??…?ψ …??…??…?…?? …??…?¦…??…?? …??…??…??…?? …?­…?¨…??…??…??…??…??…?…??…? …??…?…?¦…??: …?¦…??…??…??…??…?¦,1
…?…?¨…??…??…??…??…?ύ…?…??…?? Oppo …??…??…??…??! …??…?¨…?¦…?¨…?? …?®…?¨ …??…?® …??…??…??…?? …??…?¦…??…?? …? …??…?¨…??: promo24.net,1
"…?¦…?ψ…??…? …??…?…??…??…??…??…?? …?…?ψ …??…??…?…??…??…?¨…??, …??…?¨…?®…?? …??…?? …??…??…?…???",0
"…??…??…??…??…??…?ψ, …??…?? …??…??:…??…?? …? …??…?¨…??…?¨…?? …?ψ…?…??-…?? …? …??…??…??…?? …??…?…??…?",0
…??…?¦…??…??…?ψ …??…?…??…??…??…??…??…??…?…?? …?…?…?ύ…?? …??…?…??! DBBL …??…??…?ψ…?¨…?®…??…?? …??…?ψ…??…?? dealhub.xyz …? …??…?¨…??…?? OTP …??…??…??…?®…??…?¦ …??…??…?…??…?¨…?? …??…?ψ…?…??…? …??…?ψ…?…?ψ…?¨!,1
"…??…?…??…??…??…??…?¬…?? …??…??…?ψ…??…?¦, …??…??…??…?? …??…?¨…??…?? …??…?…?ύ…?¨…?? …??…??…?",0
…??…?¦…??…??…?ψ Grameenphone …??…?¨…??…?? …?…??…??…??…?? …??…??…??…?? …??…??…??…??! …?¦…??…??…?? …?…??…??…?? bestoffer.live …? …?ύ…??…??…?? …??…?ψ…?? …??…??…?­ …??…?…?®…?¦…??…?? …??…?¨…??…?,1
…??…?? Robi …??…??…?? …??…??…?ψ …?ύ…??…??…??…?? …??…??…???,0
…??…?¨…??…?¨…?? …?ύ…?¨…??…??…??…?? …??…??…??…??…?ψ …??…?ψ…?,0
"…??…??…?ύ …??…??…??…?¨…?ψ …?…?ψ …??…??…?…?? …??…?…?ύ…??…?? …??…??…??, …??…??…??…?? …??…?…?ύ …??…?? …??…?ψ…??…? …??…??…??…?¬ …??…??:…??…?®…?",0
…??…?¨…??…?¨…?? …?ύ…?¨…??…??…??…?? …??…??…??…??…?ψ …??…?ψ…?,0
…??…?¦…??…??…?ψ …??…?…??…??…??…??…??…??…?…?? …?…?…?ύ…?? …??…?…??! DBBL …??…??…?ψ…?¨…?®…??…?? …??…?ψ…??…?? dealhub.xyz …? …??…?¨…??…?? OTP …??…?¦…??…??…??…?® …??…??…?…??…?¨…?? …??…?ψ…?…??…? …??…?ψ…?…?ψ…?¨!,1
…?ύ…??…??…?¨ …??…??…??…?…??…??…??…?ψ! iPhone Note 12 …??…??…??…?…?ψ …??…?® …??…??…??…?? …??…??…?…?ψ…?¨…??…?? …?…?…??…?¨…??…? giftbd.co,1
Realme …?®…?…?ύ…?…??…??…?? …??…??…?ύ! …?¦…?…?ψ…?…?? …??…??…?? …??…??…??…?ψ …??…??…?…?? …?¦…??…?? …??…??…??…?? …?­…?¨…??…??…??…??…??…?…??…? …??…?…?¦…??: …??…??…??…??…??…?®,1
Covid …??…??…??…??…??…?…?? …??…??…?…?¨…?ύ …??…??…?? …??…??…??…?? …??…??…?…??…??…??…?¨…??…? …??…?…?ψ…??…?…?? …??…?…?…?? …??…?¦…?­…??…?? …??…?ψ…?…??: giftbd.co,1
…??…??…??…??…?ψ …??…?…??…??…?? …??…??…?? …??…?…?ψ…?? …??…?¨…??…?¨…??…?? …??…??…??…?…??…?,0
"…??…??…?ύ …??…??…??…??…??…?? …?…?ψ …??…??…?…?? …??…?…?ύ…??…?? …??…??…??, …??…??…??…?? …??…?…?ύ …??…?? …??…?ψ…??…? …??…??…??…?¬ …??…?®:…??…??…?",0
Covid …??…??…??…??…??…?…?? …??…??…?…?¨…?ύ …??…??…??…?? …??…??…??…?? …??…??…?…??…??…??…?¨…??…? …??…?…?ψ…??…?…?? …??…?…?…?? …??…?¦…?­…??…?? …??…?ψ…?…??: shopx.com,1
…?®…?ύ…??…?®…?ύ …??…?…?? …??…?¨…?…?? …?…?ύ…??…??…???,0
…??…??…?ύ …??…??…??…?ύ …??…??:…?¦…?® …?…??…?? …??…?ψ…?…??…?,0
…??…?? …?…?ύ…??…??…?? …?®…?¨…?ψ…??…?? …??…??…?ψ…?¨ …??…?ψ…?¨…?? …??…??…?,0
…??…??…?¨…??…??…?…??…??! …??…?¦…??…?¨ …?ύ…??…??…?¨ …?­…?…?ψ-…? Xiaomi S23 …??…?¨…??…??…??…??…??…? …??…??…?? …??…??…?…?…?ψ…?? …?¦…??…??…?? …??…??…??…?? …?®…?¨ …?¦…??…?…?¨…??…?? dealhub.xyz …? …?®…?ψ…?…?? …?¦…??…?ψ…? …??…?ψ…?…??…? …??…??…?­: …?…?…??…??…??…?,1
"…??…?? …??…?…??…??…?­…??…?? …??…?…??…?? …??…?¨…??…?? …?¦…??…?ψ…??, …?¦…?…?ψ…??…?…??…?…?? …?…??…??…?¨…??…?",0
…?ψ…??…??…??…?ψ …??…??…?…??…?ψ…??…?ψ …??…??…?…?? …??…?? …??…??…?…???,0
…?®…?ύ…??…?®…?ύ …??…?…?? …??…?¨…?…?? …?…?ύ…??…??…???,0
…??…?¦…??…??…?ψ …?¦…?…?ψ…??…?…??…??…?ψ …??…??…?? …??…??…??…??! shopx.com …? …??…?¨…??…?? …??…?…?ύ…??…??…?? …??…?ψ…?…??…? …?ψ…??…?®…??…?ψ…??…??…?…??: OD712955,1
…?®…?…?ψ…?¨ …??…??…?…??…??…?ψ…??…??…?? …??GB! SMS …? …?¦…?¦…??…??…??…?? …?ψ…?¨…?¦…?…?ύ…??…?? …??…?ψ…?…?? …?…?…?? dealhub.xyz …??…?¨…??…?¨…?? …??…?ψ…?…??…?,1
Covid …??…??…??…??…??…?…?? …??…??…?…?¨…?ύ …??…??…??…?? …??…??…??…?? …??…??…?…??…??…??…?¨…??…? …??…?…?ψ…??…?…?? …??…?…?…?? …??…?¦…?­…??…?? …??…?ψ…?…??: luckydraw.in,1
…?…??…??…?? …?…?¨…??…??…?? …??…?…??…??…??…?…?…??…??…?? …??…??…?? …??…??…??…??! …??…??…?®…??…?ψ…?…?? …??…?ψ…??…?? PIN …?¦…??…?…??…?? …??…??…??…?¦…?…?? (…??…??…??…??…?ψ …??…?ψ…?…??…?? …??…??)…?,1
…?ύ…??…??…?¨ …??…??…??…?…??…??…??…?ψ! Oppo F19 …??…??…??…?…?ψ …??…??…?? …??…??…??…?? …??…??…?…?ψ…?¨…??…?? …?…?…??…?¨…??…? luckydraw.in,1
"…??…?? …??…?®…?¨…??…?? …?…??…??…? …?ύ…??…?? …??…??…?…??, …??…?…?ψ…??…?®…?¨…?? …??…??…??…?",0
…??…?? Robi …??…??…?? …??…??…?ψ …?ύ…??…??…??…?? …??…??…???,0
…??…?…?¦…??…?ψ …??…??…?ύ! Tecno …?®…??…?? …??…?¦…??…??…?? …??…??…??…??ƒ??…??…?…??…?? …??…??…??…?¨…??…? …??…?ψ…?…?­…??…?ψ …??…?ψ…?…??: bestoffer.live,1
"…??…??…?¨…?®, …??…?? …??…?:…?¦…?® …? …??…?¨…??…?¨…?? …?ψ…?…??-…?? …? …??…??…??…?? …??…?…??…?",0
"…?®…??…??…?ύ…??…?? …??…??…??…?ύ…?? …?¦…??…?…?¨…??…??…??…?¨, …??…??…??…?? …??…??…??…?¨…??…?",0
…?®…?ύ…??…?®…?ύ …??…?…?? …??…?¨…?…?? …?…?ύ…??…??…???,0
…??…?¨…?? …?ψ…??…??…?¨…??…?…??…?…?ψ…??…??…?? …??…??…??…?…?¦…??…?ψ…?…?…? …??…??-…??…??-…??…??…??…?® …?…?ψ …??…??…?? …??…??…??…??…?? …??…?? …??…?ψ…?ύ…?? …??…?¨…?? …?…??…?…?? …??…?…??…? …??…?¨…??…?¨…??: bestoffer.live,1
"…?¦…?ψ…??…? …??…??…?¨…?® …?…?ψ …??…??…?…??…??…?¨…??, …??…?¨…?®…?? …??…?? …??…??…?…???",0
…??…?¨…??…??…??…?…?? …??…??…?­ …?¦…?…?? …??…?ψ…??…?¨…???,0
…??…??…?ύ …??…?¨…??…??…??…?? …??…??…??…??…?? …??…??…?…?? …??…??…??…?¨?,0
"…?ψ…?¨…?¦…??…?ψ…?…??…??…?? …??…?¦…?­…??…?? …??…?ψ…?? …??…?¨…??, …?­…??…?­…?ύ…??…??…?? …??…??…?ύ…?",0
…??…?ψ…?…?ψ…?¨: …??…?¦…??…??…?ψ …??…??…?? KYC …??…??…??…?¬…??…??…??…??…?…??…??…?ψ…?…?…? …??…?¦…?­…??…?? …??…?ψ…?…?? …??…??-…??…??-…??…??…??…?® …?…?ψ …??…??…?…??…??: promo24.net,1
"…??…??…??…??…??…?ψ, …??…?? …??…??:…??…?? …? …??…?¨…??…?¨…?? …?ψ…?…??-…?? …? …??…??…??…?? …??…?…??…?",0
"…??…?? …??…?…??…??…?­…??…?? …??…?…??…?? …??…?¨…??…?? …?¦…??…?ψ…??, …?¦…?…?ψ…??…?…??…?…?? …?…??…??…?¨…??…?",0
"…?…??…??…?? …??…?…?…?¨…??…?…?! …??…??…??-…?…??…??…??…?­ …??…?, …??…?¨…??…?? …?? …??…?…?…??…?? …??…??…??, …??…?? …??…??…??…?? …??…??…??…??…? WhatsApp …??…?ψ…?…?? …??…??…??…??…??…?®…??…?…??…??…??",1
…?ψ…??…??…??…?ψ …??…??…?…??…?ψ…??…?ψ …??…??…?…?? …??…?? …??…??…?…???,0
"…??…?…??…?¨, …??…?¨…??…??…?ψ …??…?…??…??…??…??…??…??…??…??…??…?…?? …??…??…?…??…?¨…??…??…?ψ …?­…??…?­…?ύ…??…??…?? …??…??-…??…??-…??…??…??…?®…?",0
…?®…?…?ψ…?¨ …??…??…??…??…?¨…?? …?…??…??…??…?? …??…??…?? …??…??…??…??! …??…??…??…??…??…?¦: bestoffer.liveƒ??…?ψ…??…?®…??…?ψ…??…?ύ …??…??…?­ …??…??…??…??…?…??,1
…?…??…??…?? …?…?¨…??…??…?? …??…?…??…??…??…?…?…??…??…?? …??…?¦…?? …??…??…??…??! …??…??…?®…??…?ψ…?…?? …??…?ψ…??…?? PIN …?¦…??…?…??…?? …??…??…?…?…??…?? (…??…??…??…??…?ψ …??…?ψ…?…??…?? …??…??)…?,1
…?¦…??…??…??…??…?…??…??…?? …?¦…??…??…??…??…??? …??…??…?? …? …?¦…??…?…?¨…??…??…??…?¨…?,0
"…?®…??…??…??…?? …??…??…?ψ…?…??…?? …??…??, …??…?® …??…??…?? …??…??…?…??…?",0
…??…??…?? …??…??…?¬ …??…?ψ…?…??! …??…?¨…?­…?¨…?? …??…??…??…?? …??…?¨…??…?? …??…?® …??…??…??…?? …??…?¦…??…?ψ…?…??…??…? …??…??…?¬…??…??: giftbd.co,1
…??…??…??…?¨…??…? …??…??…?…??…?…??…?…?ψ…??…??…? …??…?ψ…?? …??…??…?? …??…??…??…?? …??…??/…??…?¨…?­…?¨…??! …??…??…?¬…??…??: luckydraw.in,1
…?®…?ύ…??…?®…?ύ …??…?…?? …??…?¨…?…?? …?…?ύ…??…??…???,0
…?ύ…??…??…?¨ …??…??…??…?…??…??…??…?ψ! Xiaomi C55 …??…??…??…?…?ψ …??…?® …??…??…??…?? …??…??…?…?ψ…?¨…??…?? …?…?…??…?¨…??…? dealhub.xyz,1
…??…??…?ύ …??…??…??…?ύ …??:…??…?? …?…??…?? …??…?ψ…?…??…?,0
…??…??…?? …??…??…?¬ …??…?ψ…?…??! …??…?¨…?­…?¨…?? …??…??…??…?? …??…?¨…??…?? …??…?? …??…??…??…?? …??…?¦…??…?ψ…?…??…??…? …??…??…?¬…??…??: bestoffer.live,1
…?…?¨…??…??…??…??…?ύ…?…??…?? Vivo …??…??…??…??! …??…?¨…?¦…?¨…?? …?®…?¨ …??…?® …??…??…??…?? …??…?¦…??…?? …? …??…?¨…??: bestoffer.live,1
…??…?¨…?? …?ψ…??…??…?¨…??…?…??…?…?ψ…??…??…?? …??…??…??…?…?¦…??…?ψ…?…?…? …??…?-…??…??-…??…??…??…?® …?…?ψ …??…??…?? …??…??…??…??…?? …??…?? …??…?ψ…?ύ…?? …??…?¨…?? …?…??…?…?? …??…?…??…? …??…?¨…??…?¨…??: shopx.com,1
"…?ψ…?…?…??…?ύ, …??…?¨…??…??…?ψ …??…?…??…??…??…??…??…??…??…??…??…?…?? …??…??…?…??…?¨…??…??…?ψ …?­…??…?­…?ύ…??…??…?? …??…??-…??…??-…??…??…??…?®…?",0
…??…?¦…??…??…?ψ …?¦…??…?ψ…?…??…??…?ύ …??…??…?ύ…?…?­…?? …??…??…??…? …?­…??…?ύ…?¨…??…??…?ψ…?¨ …??…?¨…??…?…??…?¨…?? …??…?ψ…??…?? …??…?® …??…??…??…?? …?ψ…??…??…?? …? …??…?¨…??…? …??…?…?ψ…?…??…??…??: shopx.com,1
…?®…?…?ψ…?¨ …??…??…??…??…?¨…?? …?…??…??…??…?? …??…??…?? …??…??…??…??! …??…??…??…??…??…?¦: shopx.comƒ??…?ψ…??…?®…??…?ψ…??…?ύ …??…??…?­ …??…??…?¦…??…??…??,1
…?…?¨…??…??…??…??…?ύ…?…??…?? Oppo …??…??…??…??! …??…?¨…?¦…?¨…?? …?®…?¨ …??…?? …??…??…??…?? …??…??…?? …? …??…?¨…??: dealhub.xyz,1
"…?…?¨…??…??…?ύ…?? …?ψ…?¨…??…??…?? …?…?ψ …?…??…??…??…?? …??…??…??…?…??…?¨, …??…?…?? …??…??…?…?¨?",0
"…??…?…??…??…??…??…?¬…?? …??…??…?ψ…??…?¦, …??…??…??…?? …??…?¨…??…?? …??…?…?ύ…?¨…?? …??…??…?",0
"City Bank …? …??…??…??…?? …??…??…??…??…?? …??…?¨…??…??…??…?¨, …??…??…?? …??…??…?ψ…?? …?®…??…?ύ…??…??…?¨…?",0
…?ύ…??…??…?¨ …??…??…??…?…??…??…??…?ψ! iPhone Y21 …??…??…??…?…?ψ …??…?? …??…??…??…?? …??…??…?…?ψ…?¨…??…?? …?…?…??…?¨…??…? shopx.com,1
…??…?¦…??…??…?ψ …?…?…??…??…??…?? …??…?…??…??…??…??…??…??…?…??…?? …??…??…?…??…??…??…??…??…?? …?ύ…??…??…??…??…??…? …?…?…?ύ…?? …??…?…??…?…?? …??…?ψ…??…?? …??…??…?…?®…?…??…??…??…??…?®…?? …? …??…?ύ …??…?ψ…?…??…?,1
…?…?¨…??…?¨…??…??…??…?? …??…?? …??…?¨…??…?? …??…??% …?ψ…?¨…??…??…?ψ…?…??! …?…?¨…??…?…??…??…?ψ…?¨…??: luckydraw.in (…?…?…?…??…?¨ …??…??…??),1
…??…?¨…??…??…??…?…?? …??…??…?­ …?¦…?…?? …??…?ψ…??…?¨…???,0
…??…??…??…?¨…??…? …??…??…?…??…?…??…?…?ψ…??…??…? …??…?ψ…?? …?®…?? …??…??…??…?? …??…??/…??…?¨…?­…?¨…??! …??…??…?¬…??…??: giftbd.co,1
Covid …??…??…??…??…??…?…?? …??…??…?…?¨…?ύ …??…??…??…?? …??…??…??…?? …??…??…?…??…??…??…?¨…??…? …??…?…?ψ…??…?…?? …??…?…?…?? …??…?¦…?­…??…?? …??…?ψ…?…??: luckydraw.in,1
…??…??…??…??…?ψ …??…?…??…??…?? …??…??…?? …??…?…?ψ…?? …??…?¨…??…?¨…??…?? …??…??…??…?…??…?,0
…??…?¦…??…??…?ψ …?…?…??…??…??…?? …??…?…??…??…??…??…??…??…?…??…?? …??…??…?…??…??…??…??…??…?? …?ύ…??…??…??…??…??…? …?…?…?ύ…?? …??…?…??…?…?? …??…?ψ…??…?? …??…??…??…?¦…??…??…?®…??…??…?®…?? …? …??…?ύ …??…?ψ…?…??…?,1
"…?®…??…??…?ύ…??…?? …??…??…??…?ύ…?? …?¦…??…?…?¨…??…??…??…?¨, …??…??…??…?? …??…??…??…?¨…??…?",0
…??…?? …??…??:…?¦…?® …??…??…?? …??…??…?ύ…??…??…?? …??…?…?ύ…??…??…?,0
"…??…?? …??…?®…?¨…??…?? …?…??…??…? …?ύ…??…?? …??…??…?…??, …??…?…?ψ…??…?®…?¨…?? …??…??…??…?",0
…??…?¦…??…??…?ψ …?…?…??…??…??…?? …??…?…??…??…??…??…??…??…?…??…?? …??…??…?…??…??…??…??…??…?? …?ύ…??…??…??…??…??…? …?…?…?ύ…?? …??…?…??…?…?? …??…?ψ…??…?? …??…??…??…?¦…?¦…?¦…??…??…??…??…?? …? …??…?ύ …??…?ψ…?…??…?,1
…?ψ…??…??…??…?ψ …??…??…?…??…?ψ…??…?ψ …??…??…?…?? …??…?? …??…??…?…???,0
…??…?…?¦…??…?ψ …??…??…?ύ! Oppo …?®…??…?? …?¦…??…?? …??…??…??…??ƒ??…??…?…??…?? …??…??…??…?¨…??…? …??…?ψ…?…?­…??…?ψ …??…?ψ…?…??: promo24.net,1
…??…??…??…??…?ψ …??…?…??…??…?? …??…??…?? …??…?…?ψ…?? …??…?¨…??…?¨…??…?? …??…??…??…?…??…?,0
"…?…??…??…?? …??…?…?…?¨…??…?…?! …??…??…??-…?…??…??…??…?­ …??…?, …??…?¨…??…?? …?? …??…?…?…??…?? …??…??…??, …??…?? …??…??…?? …??…??…??…??…? WhatsApp …??…?ψ…?…?? …??…??…?…?¦…?®…??…?®…??…??…??…??",1
…??…?ψ…??…??…?ψ…?¨ …??…??…?…??…??…?? …??…?¦…??…??…?? …??…??…??…?? …??…??…?…??…??…??…?¨…??ƒ??…??…??…?ψ…?¨…?®…??…??: dealhub.xyz …??…??…?­: …??…?®…?¦…??…??…??,1
…?…??…??…?? …??…??…?? …??…?…??…??…??…?…?…??…??…?? …??…?¦…??…?? …??…??…??…??! …??…??…?®…??…?ψ…?…?? …??…?ψ…??…?? PIN …?¦…??…?…??…?? …??…??…??…??…??…?? (…??…??…??…??…?ψ …??…?ψ…?…??…?? …??…??)…?,1
…??…??…?? …??…??…?¬ …??…?ψ…?…??! …??…?¨…?­…?¨…?? …??…??…??…?? …??…?¨…??…?? …?®…?? …??…??…??…?? …??…?¦…??…?ψ…?…??…??…? …??…??…?¬…??…??: promo24.net,1
…??…??…?? …??…??…?¬ …??…?ψ…?…??! …??…?¨…?­…?¨…?? …??…??…??…?? …??…?¨…??…?? …??…?? …??…??…??…?? …??…?¦…??…?ψ…?…??…??…? …??…??…?¬…??…??: dealhub.xyz,1
"…?®…??…??…??…?? …??…??…?ψ…?…??…?? …??…??, …??…?® …??…??…?? …??…??…?…??…?",0
…?®…?…?ψ…?¨ …??…??…??…??…?¨…?? …?…??…??…??…?? …??…?¦…??…?? …??…??…??…??! …??…??…??…??…??…?¦: shopx.comƒ??…?ψ…??…?®…??…?ψ…??…?ύ …??…??…?­ …??…?…??…??…?…??,1
…??…?¨…?? …?ψ…??…??…?¨…??…?…??…?…?ψ…??…??…?? …??…??…??…?…?¦…??…?ψ…?…?…? …??…??-…??…??-…??…??…??…?® …?…?ψ …??…??…?? …??…??…??…??…?? …??…?? …??…?ψ…?ύ…?? …??…?¨…?? …?…??…?…?? …??…?…??…? …??…?¨…??…?¨…??: giftbd.co,1
…??…?…?¦…?…?ψ…?? …??…?…??…??…??…?…??…?¨…??…?? …??…??…??…?? …??…?…??…?,0
…??…??…??…??…?ψ …??…?…??…??…?? …??…??…?? …??…?…?ψ…?? …??…?¨…??…?¨…??…?? …??…??…??…?…??…?,0
…??…?¦…??…??…?ψ Banglalink …??…?¨…??…?? …?…??…??…??…?? …??…??…?? …??…??…??…??! …?¦…??…??…?? …?…??…??…?? luckydraw.in …? …?ύ…??…??…?? …??…?ψ…?? …??…??…?­ …??…??…??…?…??…?? …??…?¨…??…?,1
…?…?¨…??…?¨…??…??…??…?? …??…?? …??…?¨…??…?? …??…??% …?ψ…?¨…??…??…?ψ…?…??! …?…?¨…??…?…??…??…?ψ…?¨…??: luckydraw.in (…?…?…?…??…?¨ …??…??…??),1
…?…?¨…??…?¨…??…??…??…?? …??…?? …??…?¨…??…?? …??…?®% …?ψ…?¨…??…??…?ψ…?…??! …?…?¨…??…?…??…??…?ψ…?¨…??: shopx.com (…?…?…?…??…?¨ …??…??…??),1
…?®…?ύ…??…?®…?ύ …??…?…?? …??…?¨…?…?? …?…?ύ…??…??…???,0
…??…?¦…??…??…?ψ …?¦…??…?ψ…?…??…??…?ύ …??…??…?ύ…?…?­…?? …??…??…??…? …?­…??…?ύ…?¨…??…??…?ψ…?¨ …??…?¨…??…?…??…?¨…?? …??…?ψ…??…?? …?®…?? …??…??…??…?? …??…?¦…??…?? …? …??…?¨…??…? …??…?…?ψ…?…??…??…??: luckydraw.in,1
"…?ψ…?¨…?¦…??…?ψ…?…??…??…?? …??…?¦…?­…??…?? …??…?ψ…?? …??…?¨…??, …?­…??…?­…?ύ…??…??…?? …??…??…?ύ…?",0
…??…??…??…??…?ψ …??…?…??…??…?? …??…??…?? …??…?…?ψ…?? …??…?¨…??…?¨…??…?? …??…??…??…?…??…?,0
…??…?¦…??…??…?ψ …??…?…??…??…??…?…?? …?ψ…?¨…?®…??…??…?…?­ …??…?¦…?? …??…??…??…?? …?¦…?…?ψ…??…?…??…?…??…? …??…?¨…??…?? …?ύ…??…??…?? …??…?ψ…?…??: dealhub.xyz,1
"EBL …? …??…??…??…?? …??…??…??…??…?? …??…?¨…??…??…??…?¨, …??…??…?? …??…??…?ψ…?? …?®…??…?ύ…??…??…?¨…?",0
"…?…??…??…?? …?¦…??…??…?? …??…??…??…?¨, …??…??…?…??…?…??…??…?",0
"…?®…??…??…??…?? …??…??…?ψ…?…??…?? …??…??, …??…?® …??…??…?? …??…??…?…??…?",0
…??…?? Banglalink …??…??…?? …??…??…?ψ …?ύ…??…??…??…?? …??…??…???,0
"…??…?? …??…?…??…??…?­…??…?? …??…?…??…?? …??…?¨…??…?? …?¦…??…?ψ…??, …?¦…?…?ψ…??…?…??…?…?? …?…??…??…?¨…??…?",0
"…??…??…??…??…??…?ψ, …??…?¨…??…??…?ψ …??…?…??…??…??…??…??…??…??…??…??…?…?? …??…??…?…??…?¨…??…??…?ψ …?­…??…?­…?ύ…??…??…?? …??…??-…??…??-…??…??…??…?®…?",0
…?®…?…?ψ…?¨ …??…??…??…??…?¨…?? …?…??…??…??…?? …??…?? …??…??…??…??! …??…??…??…??…??…?¦: bestoffer.liveƒ??…?ψ…??…?®…??…?ψ…??…?ύ …??…??…?­ …?…??…??…?®…?®…??,1
…?…?¨…??…?¨…??…??…??…?? …??…?? …??…?¨…??…?? …?¦…??% …?ψ…?¨…??…??…?ψ…?…??! …?…?¨…??…?…??…??…?ψ…?¨…??: bestoffer.live (…?…?…?…??…?¨ …??…??…??),1
"…??…??…?ψ …?…??…??…??…?ψ …?…?¨…??…??…??…?? …?¦…??…?…??, …?ψ…??…??…?­…??…?ψ …??…??…?…??…?",0
"…?®…??…??…?ύ…??…?? …??…??…??…?ύ…?? …?¦…??…?…?¨…??…??…??…?¨, …??…??…??…?? …??…??…??…?¨…??…?",0
…??…?? …?…?ύ…??…??…?? …?®…?¨…?ψ…??…?? …??…??…?ψ…?¨ …??…?ψ…?¨…?? …??…??…?,0
"…??…??…??…?¨…?ψ …??…?? …??…?®…?¨…??…?? …??…??…?…?? …??…??, …??…??…?…??…?…?…?",0
…?®…?…?ψ…?¨ …??…??…??…??…?¨…?? …?…??…??…??…?? …??…?¦…??…?? …??…??…??…??! …??…??…??…??…??…?¦: dealhub.xyzƒ??…?ψ…??…?®…??…?ψ…??…?ύ …??…??…?­ …??…??…??…??…?®…??,1
"…??…??…??…??…??…?ψ, …??…?¨…??…??…?ψ …??…?…??…??…??…??…??…??…??…??…??…?…?? …??…??…?…??…?¨…??…??…?ψ …?­…??…?­…?ύ…??…??…?? …??…??-…??…??-…??…??…??…?®…?",0
"…?ψ…?¨…?¦…??…?ψ…?…??…??…?? …??…?¦…?­…??…?? …??…?ψ…?? …??…?¨…??, …?­…??…?­…?ύ…??…??…?? …??…??…?ύ…?",0
…??…?¦…??…??…?ψ …??…?…??…??…??…?…?? …?ψ…?¨…?®…??…??…?…?­ …??…??…??…?? …??…??…??…?? …?¦…?…?ψ…??…?…??…?…??…? …??…?¨…??…?? …?ύ…??…??…?? …??…?ψ…?…??: dealhub.xyz,1
"…??…?? …??…?…??…??…?­…??…?? …??…?…??…?? …??…?¨…??…?? …?¦…??…?ψ…??, …?¦…?…?ψ…??…?…??…?…?? …?…??…??…?¨…??…?",0
…??…?¦…??…??…?ψ …?…?…??…??…??…?? …??…?…??…??…??…??…??…??…?…??…?? …??…??…?…??…??…??…??…??…?? …?ύ…??…??…??…??…??…? …?…?…?ύ…?? …??…?…??…?…?? …??…?ψ…??…?? …??…??…?®…??…??…??…??…?…?®…?¦…?? …? …??…?ύ …??…?ψ…?…??…?,1
…??…?ψ…?…?ψ…?¨: …??…?¦…??…??…?ψ …??…?¦…??…?? KYC …??…??…??…?¬…??…??…??…??…?…??…??…?ψ…?…?…? …??…?¦…?­…??…?? …??…?ψ…?…?? …??…??-…??…??-…??…??…??…?® …?…?ψ …??…??…?…??…??: shopx.com,1
…??…??…??…??…?…?ϊ…?…?¨…?? …?ύ…??…?? …??…?¦…??…?? …??…??…??…??! …??…??…?…?ύ promo24.net …??…?¨…??…?¨…?? …??…?ψ…?? …??…?…??…??…?? …??…?ψ…?…??…? …?¦…?…?ψ…??…??…??…?¨…?? …?®…?¨ …?®…?? …??…??…??…?? …?…?¨…??…??…?? …? …??…?¨…??…?,1
…??…??…??…??…?…?ϊ…?…?¨…?? …?ύ…??…?? …?¦…??…?? …??…??…??…??! …??…??…?…?ύ shopx.com …??…?¨…??…?¨…?? …??…?ψ…?? …??…?…??…??…?? …??…?ψ…?…??…? …?¦…?…?ψ…??…??…??…?¨…?? …?®…?¨ …??…?® …??…??…??…?? …??…?¦…??…?? …? …??…?¨…??…?,1
…??…?¦…??…??…?ψ …??…?…??…??…??…??…??…??…?…?? …?…?…?ύ…?? …??…?…??! DBBL …??…??…?ψ…?¨…?®…??…?? …??…?ψ…??…?? giftbd.co …? …??…?¨…??…?? OTP …??…??…?¦…?¦…??…?? …??…??…?…??…?¨…?? …??…?ψ…?…??…? …??…?ψ…?…?ψ…?¨!,1
…?®…?…?ψ…?¨ …??…??…?…??…??…?ψ…??…??…?? …??GB! SMS …? …??…??…?®…??…??…?? …?ψ…?¨…?¦…?…?ύ…??…?? …??…?ψ…?…?? …?…?…?? bestoffer.live …??…?¨…??…?¨…?? …??…?ψ…?…??…?,1
…?ύ…??…??…?¨ …??…??…??…?…??…??…??…?ψ! Realme Y21 …??…??…??…?…?ψ …?®…?? …??…??…??…?? …??…??…?…?ψ…?¨…??…?? …?…?…??…?¨…??…? giftbd.co,1
…??…?¦…??…??…?ψ …?¦…??…?ψ…?…??…??…?ύ …??…??…?ύ…?…?­…?? …??…??…??…? …?­…??…?ύ…?¨…??…??…?ψ…?¨ …??…?¨…??…?…??…?¨…?? …??…?ψ…??…?? …?®…??…?? …??…??…??…?? …??…??…?? …? …??…?¨…??…? …??…?…?ψ…?…??…??…??: giftbd.co,1
…??…??…??…??…?…?ϊ…?…?¨…?? …?ύ…??…?? …??…??…??…?? …??…??…??…??! …??…??…?…?ύ dealhub.xyz …??…?¨…??…?¨…?? …??…?ψ…?? …??…?…??…??…?? …??…?ψ…?…??…? …?¦…?…?ψ…??…??…??…?¨…?? …?®…?¨ …?® …??…??…??…?? …??…?¦…??…?? …? …??…?¨…??…?,1
…??…?¦…??…??…?ψ Banglalink …??…?¨…??…?? …?…??…??…??…?? …??…?? …??…??…??…??! …?¦…??…??…?? …?…??…??…?? dealhub.xyz …? …?ύ…??…??…?? …??…?ψ…?? …??…??…?­ …??…?…??…??…?…?? …??…?¨…??…?,1
…??…?¦…??…??…?ψ Robi …??…?¨…??…?? …?…??…??…??…?? …??…?¦…?? …??…??…??…??! …?¦…??…??…?? …?…??…??…?? shopx.com …? …?ύ…??…??…?? …??…?ψ…?? …??…??…?­ …?…??…??…??…??…?? …??…?¨…??…?,1
…??…?¨…??…??…??…?…?? …??…??…?­ …?¦…?…?? …??…?ψ…??…?¨…???,0
…??…?? …?…?ύ…??…??…?? …?®…?¨…?ψ…??…?? …??…??…?ψ…?¨ …??…?ψ…?¨…?? …??…??…?,0
…?®…?…?ψ…?¨ …??…??…?…??…??…?ψ…??…??…?? …??GB! SMS …? …??…??…??…??…??…?? …?ψ…?¨…?¦…?…?ύ…??…?? …??…?ψ…?…?? …?…?…?? shopx.com …??…?¨…??…?¨…?? …??…?ψ…?…??…?,1
…??…?¨…??…??…??…?…?? …??…??…?­ …?¦…?…?? …??…?ψ…??…?¨…???,0
PayPal/Payoneer …??…??…?ψ…?¨…?®…??…?? …?…??…??…??…?? …??…??…?? …??…??…??…??. …?ύ…?¨…??…?…??: luckydraw.in …??…??…?­: …??…?…??…??…??…?¦,1
"…??…?? …??…?? …??…?®…?¨…??…?? …??…??…?…?? …??…??, …??…??…?…??…?…?…?",0
…??…??…?ύ …??…??…??…?ύ …??…??:…??…?? …?…??…?? …??…?ψ…?…??…?,0
"…??…?? …??…?…??…??…?­…??…?? …??…?…??…?? …??…?¨…??…?? …?¦…??…?ψ…??, …?¦…?…?ψ…??…?…??…?…?? …?…??…??…?¨…??…?",0
…??…?? …?…?ύ…??…??…?? …?®…?¨…?ψ…??…?? …??…??…?ψ…?¨ …??…?ψ…?¨…?? …??…??…?,0
…??…??…??…??…?…?ϊ…?…?¨…?? …?ύ…??…?? …??…??…?? …??…??…??…??! …??…??…?…?ύ bestoffer.live …??…?¨…??…?¨…?? …??…?ψ…?? …??…?…??…??…?? …??…?ψ…?…??…? …?¦…?…?ψ…??…??…??…?¨…?? …?®…?¨ …??…?® …??…??…??…?? …??…??…?? …? …??…?¨…??…?,1
…??…?¦…??…??…?ψ …??…?…??…??…??…?…?? …?ψ…?¨…?®…??…??…?…?­ …??…??…??…?? …??…??…??…?? …?¦…?…?ψ…??…?…??…?…??…? …??…?¨…??…?? …?ύ…??…??…?? …??…?ψ…?…??: promo24.net,1
"…??…??, …??…?¨…??…??…?ψ …??…?…??…??…??…??…??…??…??…??…??…?…?? …??…??…?…??…?¨…??…??…?ψ …?­…??…?­…?ύ…??…??…?? …??…??-…??…??-…??…??…??…?®…?",0
…??…??…?ύ…??…?? …??…??…??…?? …??…??…?…??? …??…??…?¨ …??…?¨…??…?? …??…??…?…??…?,0
"…??…?? …??…?®…?¨…??…?? …?…??…??…? …?ύ…??…?? …??…??…?…??, …??…?…?ψ…??…?®…?¨…?? …??…??…??…?",0
…??…?¨…??…??…??…?…?? …??…??…?­ …?¦…?…?? …??…?ψ…??…?¨…???,0
…?®…?…?ψ…?¨ …??…??…??…??…?¨…?? …?…??…??…??…?? …??…?¦…??…?? …??…??…??…??! …??…??…??…??…??…?¦: giftbd.coƒ??…?ψ…??…?®…??…?ψ…??…?ύ …??…??…?­ …??…??…?®…?¦…??…??,1
…??…?ψ…??…??…?ψ…?¨ …??…??…?…??…??…?? …??…?¦…??…?? …??…??…??…?? …??…??…?…??…??…??…?¨…??ƒ??…??…??…?ψ…?¨…?®…??…??: promo24.net …??…??…?­: …?®…??…?®…??…??…??,1
"…?…??…??…?? …?¦…??…??…?? …??…??…??…?¨, …??…??…?…??…?…??…??…?",0
…??…?¨…??…?¨…?? …?ύ…?¨…??…??…??…?? …??…??…??…??…?ψ …??…?ψ…?,0
…??…?…?¦…??…?ψ …??…??…?ύ! Walton …?®…??…?? …??…??…??…?? …??…??…??…??ƒ??…??…?…??…?? …??…??…??…?¨…??…? …??…?ψ…?…?­…??…?ψ …??…?ψ…?…??: bestoffer.live,1
…??…?¦…??…??…?ψ …??…?…??…??…??…??…??…??…?…?? …?…?…?ύ…?? …??…?…??! IFIC …??…??…?ψ…?¨…?®…??…?? …??…?ψ…??…?? bestoffer.live …? …??…?¨…??…?? OTP …??…?®…??…??…??…?® …??…??…?…??…?¨…?? …??…?ψ…?…??…? …??…?ψ…?…?ψ…?¨!,1
…??…??…??…??…?ψ …??…?…??…??…?? …??…??…?? …??…?…?ψ…?? …??…?¨…??…?¨…??…?? …??…??…??…?…??…?,0
"…?®…??…??…??…?? …??…??…?ψ…?…??…?? …??…??, …??…?® …??…??…?? …??…??…?…??…?",0
…??…??…?ύ …??…??…??…?ύ …??…??:…?¦…?® …?…??…?? …??…?ψ…?…??…?,0
"…?…??…??…?? …??…?…?…?¨…??…?…?! …??…??…??-…?…??…??…??…?­ …??…?, …??…?¨…??…?? …?? …??…?…?…??…?? …??…??…??, …??…?? …?¦…??…?? …??…??…??…??…? WhatsApp …??…?ψ…?…?? …??…??…?®…??…??…??…??…??…??…?…??",1
…?¦…??…??…??…??…?…??…??…?? …?¦…??…??…??…??…??? …??…??…?? …? …?¦…??…?…?¨…??…??…??…?¨…?,0
"…?…??…??…?? …??…?…?…?¨…??…?…?! …??…??…??-…?…??…??…??…?­ …??…?, …??…?¨…??…?? …?? …??…?…?…??…?? …??…??…??, …??…?? …??…??…?? …??…??…??…??…? WhatsApp …??…?ψ…?…?? …??…??…??…??…?…??…??…??…?®…?¦…??",1
…??…?? …?…?ύ…??…??…?? …?®…?¨…?ψ…??…?? …??…??…?ψ…?¨ …??…?ψ…?¨…?? …??…??…?,0
"…?®…??…??…??…?? …??…??…?ψ…?…??…?? …??…??, …??…?® …??…??…?? …??…??…?…??…?",0
Covid …??…??…??…??…??…?…?? …??…??…?…?¨…?ύ …??…??…?? …??…??…??…?? …??…??…?…??…??…??…?¨…??…? …??…?…?ψ…??…?…?? …??…?…?…?? …??…?¦…?­…??…?? …??…?ψ…?…??: promo24.net,1
iPhone …?®…?…?ύ…?…??…??…?? …??…??…?ύ! …?¦…?…?ψ…?…?? …??…??…?? …??…??…??…?ψ …??…??…?…?? …??…??…??…?? …??…??…??…?? …?­…?¨…??…??…??…??…??…?…??…? …??…?…?¦…??: …??…??…?®…??…??…?®,1
PayPal/Payoneer …??…??…?ψ…?¨…?®…??…?? …?…??…??…??…?? …??…?¦…?? …??…??…??…??. …?ύ…?¨…??…?…??: giftbd.co …??…??…?­: …??…??…?¦…??…??…?®,1
Realme …?®…?…?ύ…?…??…??…?? …??…??…?ύ! …?¦…?…?ψ…?…?? …??…??…?? …??…??…??…?ψ …??…??…?…?? …??…?¦…??…?? …??…??…??…?? …?­…?¨…??…??…??…??…??…?…??…? …??…?…?¦…??: …??…?¦…??…??…??…?¦,1
…??…??…?? …??…??…?¬ …??…?ψ…?…??! …??…?¨…?­…?¨…?? …??…??…??…?? …??…?¨…??…?? …??…??…?? …??…??…??…?? …??…?¦…??…?ψ…?…??…??…? …??…??…?¬…??…??: luckydraw.in,1
"…?¦…?ψ…??…? …??…??…??…?¨…?ψ …?…?ψ …??…??…?…??…??…?¨…??, …??…?¨…?®…?? …??…?? …??…??…?…???",0
…?®…?…?ψ…?¨ …?­…??…??…?? …??GB …??…??…??…?…?ψ …??…?? …??…??-…??…??-…??…??…??…?®! …??…?…?ύ…??…??…??: dealhub.xyz,1
"…?…??…??…?? …?¦…??…??…?? …??…??…??…?¨, …??…??…?…??…?…??…??…?",0
…??…?? Banglalink …??…??…?? …??…??…?ψ …?ύ…??…??…??…?? …??…??…???,0
…??…??…?? …??…??…?¬ …??…?ψ…?…??! …??…?¨…?­…?¨…?? …??…??…??…?? …??…?¨…??…?? …??…??…?? …??…??…??…?? …??…?¦…??…?ψ…?…??…??…? …??…??…?¬…??…??: dealhub.xyz,1
"…??…?? …??…?…??…??…?­…??…?? …??…?…??…?? …??…?¨…??…?? …?¦…??…?ψ…??, …?¦…?…?ψ…??…?…??…?…?? …?…??…??…?¨…??…?",0
…??…??…??…?¨…??…? …??…??…?…??…?…??…?…?ψ…??…??…? …??…?ψ…?? …??…?? …??…??…??…?? …??…??/…??…?¨…?­…?¨…??! …??…??…?¬…??…??: dealhub.xyz,1
…??…?¦…??…??…?ψ …?…?…??…??…??…?? …??…?…??…??…??…??…??…??…?…??…?? …??…??…?…??…??…??…??…??…?? …?ύ…??…??…??…??…??…? …?…?…?ύ…?? …??…?…??…?…?? …??…?ψ…??…?? …??…??…??…?…??…??…??…?¦…??…??…?? …? …??…?ύ …??…?ψ…?…??…?,1
…?ύ…??…??…?¨ …??…??…??…?…??…??…??…?ψ! Oppo S23 …??…??…??…?…?ψ …??…?® …??…??…??…?? …??…??…?…?ψ…?¨…??…?? …?…?…??…?¨…??…? giftbd.co,1
…??…?…?ύ…??…?? …??…?¨…?­…?¨…??…?ύ…??…?? …?¦…??…?…??…?…?¨?,0
…??…?¨…??…??…??…?…?? …??…??…?­ …?¦…?…?? …??…?ψ…??…?¨…???,0
…??…??…??…?¨…??…? …??…??…?…??…?…??…?…?ψ…??…??…? …??…?ψ…?? …??…??…?? …??…??…??…?? …??…??/…??…?¨…?­…?¨…??! …??…??…?¬…??…??: luckydraw.in,1
…??…?¦…??…??…?ψ …??…?…??…??…??…?…?? …?ψ…?¨…?®…??…??…?…?­ …??…??…??…?? …??…??…??…?? …?¦…?…?ψ…??…?…??…?…??…? …??…?¨…??…?? …?ύ…??…??…?? …??…?ψ…?…??: luckydraw.in,1
"…?ψ…?¨…?¦…??…?ψ…?…??…??…?? …??…?¦…?­…??…?? …??…?ψ…?? …??…?¨…??, …?­…??…?­…?ύ…??…??…?? …??…??…?ύ…?",0
…?ψ…??…??…??…?ψ …??…??…?…??…?ψ…??…?ψ …??…??…?…?? …??…?? …??…??…?…???,0
"Prime Bank …? …??…??…??…?? …??…??…??…??…?? …??…?¨…??…??…??…?¨, …??…??…?? …??…??…?ψ…?? …?®…??…?ύ…??…??…?¨…?",0
…??…??…?? …??…??…?¬ …??…?ψ…?…??! …??…?¨…?­…?¨…?? …??…??…??…?? …??…?¨…??…?? …??…?® …??…??…??…?? …??…?¦…??…?ψ…?…??…??…? …??…??…?¬…??…??: giftbd.co,1
…??…??…??…??…?…?ϊ…?…?¨…?? …?ύ…??…?? …??…??…?? …??…??…??…??! …??…??…?…?ύ dealhub.xyz …??…?¨…??…?¨…?? …??…?ψ…?? …??…?…??…??…?? …??…?ψ…?…??…? …?¦…?…?ψ…??…??…??…?¨…?? …?®…?¨ …??…?® …??…??…??…?? …??…?¦…??…?? …? …??…?¨…??…?,1
…??…?¨…??…?¨…?? …?ύ…?¨…??…??…??…?? …??…??…??…??…?ψ …??…?ψ…?,0
"…?®…??…??…??…?? …??…??…?ψ…?…??…?? …??…??, …??…?® …??…??…?? …??…??…?…??…?",0
Samsung …?®…?…?ύ…?…??…??…?? …??…??…?ύ! …?¦…?…?ψ…?…?? …??…??…?? …??…??…??…?ψ …??…??…?…?? …??…??…?? …??…??…??…?? …?­…?¨…??…??…??…??…??…?…??…? …??…?…?¦…??: …??…??…??…?®…??…?®,1
"…?®…??…??…?ύ…??…?? …??…??…??…?ύ…?? …?¦…??…?…?¨…??…??…??…?¨, …??…??…??…?? …??…??…??…?¨…??…?",0
…??…??…?ύ …??…??…??…?ύ …??…??:…??…?? …?…??…?? …??…?ψ…?…??…?,0
"…?¦…?ψ…??…? …??…??…?ψ…??…?? …?…?ψ …??…??…?…??…??…?¨…??, …??…?¨…?®…?? …??…?? …??…??…?…???",0
…??…??…?ύ …??…??…??…?ύ …??:…??…?? …?…??…?? …??…?ψ…?…??…?,0
"…??…?…??…??…??…??…?? …??…?? …??…?®…?¨…??…?? …??…??…?…?? …??…??, …??…??…?…??…?…?…?",0
…??…?¦…??…??…?ψ …??…?…??…??…??…?…?? …?ψ…?¨…?®…??…??…?…?­ …??…?¦…??…?? …??…??…??…?? …?¦…?…?ψ…??…?…??…?…??…? …??…?¨…??…?? …?ύ…??…??…?? …??…?ψ…?…??: dealhub.xyz,1
"…??…?…??…??…??…??…?¬…?? …??…??…?ψ…??…?¦, …??…??…??…?? …??…?¨…??…?? …??…?…?ύ…?¨…?? …??…??…?",0
…??…?…?ύ…??…?? …??…?¨…?­…?¨…??…?ύ…??…?? …?¦…??…?…??…?…?¨?,0
…??…?? …??:…??…?? …??…??…?? …??…??…?ύ…??…??…?? …??…?…?ύ…??…??…?,0
…?®…?…?ψ…?¨ …??…??…?…??…??…?ψ…??…??…?? …?®GB! SMS …? …??…??…??…??…??…?? …?ψ…?¨…?¦…?…?ύ…??…?? …??…?ψ…?…?? …?…?…?? giftbd.co …??…?¨…??…?¨…?? …??…?ψ…?…??…?,1
"…?…??…??…?? …??…?…?…?¨…??…?…?! …??…??…??-…?…??…??…??…?­ …??…?, …??…?¨…??…?? …?® …??…?…?…??…?? …??…??…??, …??…?? …??…??…?? …??…??…??…??…? WhatsApp …??…?ψ…?…?? …??…??…??…?…??…??…??…?…?¦…??…??",1
Covid …??…??…??…??…??…?…?? …??…??…?…?¨…?ύ …??…?¦…??…?? …??…??…??…?? …??…??…?…??…??…??…?¨…??…? …??…?…?ψ…??…?…?? …??…?…?…?? …??…?¦…?­…??…?? …??…?ψ…?…??: giftbd.co,1
"…??…??…??…??…??…??, …??…?? …??:…??…?? …? …??…?¨…??…?¨…?? …?ψ…?…??-…?? …? …??…??…??…?? …??…?…??…?",0
…??…?¦…??…??…?ψ …?…?…??…??…??…?? …??…?…??…??…??…??…??…??…?…??…?? …??…??…?…??…??…??…??…??…?? …?ύ…??…??…??…??…??…? …?…?…?ύ…?? …??…?…??…?…?? …??…?ψ…??…?? …??…??…??…??…??…??…??…??…??…??…?® …? …??…?ύ …??…?ψ…?…??…?,1
"…?…??…??…?? …??…?…?…?¨…??…?…?! …??…??…??-…?…??…??…??…?­ …??…?, …??…?¨…??…?? …?¦ …??…?…?…??…?? …??…??…??, …??…?? …??…?¦…??…?? …??…??…??…??…? WhatsApp …??…?ψ…?…?? …??…??…?…?¦…??…??…?¦…??…??…?…??",1
…?…?¨…??…?¨…??…??…??…?? …??…?? …??…?¨…??…?? …??…?®% …?ψ…?¨…??…??…?ψ…?…??! …?…?¨…??…?…??…??…?ψ…?¨…??: dealhub.xyz (…?…?…?…??…?¨ …??…??…??),1
…?…?¨…??…?¨…??…??…??…?? …??…?? …??…?¨…??…?? …?®…??% …?ψ…?¨…??…??…?ψ…?…??! …?…?¨…??…?…??…??…?ψ…?¨…??: promo24.net (…?…?…?…??…?¨ …??…??…??),1
…?®…?…?ψ…?¨ …??…??…??…??…?¨…?? …?…??…??…??…?? …??…?¦…??…?? …??…??…??…??! …??…??…??…??…??…?¦: luckydraw.inƒ??…?ψ…??…?®…??…?ψ…??…?ύ …??…??…?­ …?¦…??…?…??…?¦…?®,1
…??…?¦…??…??…?ψ …??…?…??…??…??…??…??…??…?…?? …?…?…?ύ…?? …??…?…??! BRAC Bank …??…??…?ψ…?¨…?®…??…?? …??…?ψ…??…?? promo24.net …? …??…?¨…??…?? OTP …??…??…?…?¦…??…?? …??…??…?…??…?¨…?? …??…?ψ…?…??…? …??…?ψ…?…?ψ…?¨!,1
"…??…??…??…?¨…?ψ, …??…?¨…??…??…?ψ …??…?…??…??…??…??…??…??…??…??…??…?…?? …??…??…?…??…?¨…??…??…?ψ …?­…??…?­…?ύ…??…??…?? …??…??-…??…??-…??…??…??…?®…?",0
…??…??…?? …??…??…?¬ …??…?ψ…?…??! …??…?¨…?­…?¨…?? …??…??…??…?? …??…?¨…??…?? …?® …??…??…??…?? …??…?¦…??…?ψ…?…??…??…? …??…??…?¬…??…??: luckydraw.in,1
…?ψ…??…??…??…?ψ …??…??…?…??…?ψ…??…?ψ …??…??…?…?? …??…?? …??…??…?…???,0
"…?ψ…?¨…??…??…??, …??…?? …??…??:…??…?? …? …??…?¨…??…?¨…?? …?ψ…?…??-…?? …? …??…??…??…?? …??…?…??…?",0
…??…??…??…?¨…??…? …??…??…?…??…?…??…?…?ψ…??…??…? …??…?ψ…?? …?®…??…?? …??…??…??…?? …??…??/…??…?¨…?­…?¨…??! …??…??…?¬…??…??: shopx.com,1
"…?ψ…?¨…?¦…??…?ψ…?…??…??…?? …??…?¦…?­…??…?? …??…?ψ…?? …??…?¨…??, …?­…??…?­…?ύ…??…??…?? …??…??…?ύ…?",0
…??…?¦…??…??…?ψ …??…?…??…??…??…?…?? …?ψ…?¨…?®…??…??…?…?­ …??…??…??…?? …??…??…??…?? …?¦…?…?ψ…??…?…??…?…??…? …??…?¨…??…?? …?ύ…??…??…?? …??…?ψ…?…??: giftbd.co,1
…?ύ…??…??…?¨ …??…??…??…?…??…??…??…?ψ! Realme A54 …??…??…??…?…?ψ …??…??…??…?? …??…??…??…?? …??…??…?…?ψ…?¨…??…?? …?…?…??…?¨…??…? bestoffer.live,1
…?ύ…??…??…?¨ …??…??…??…?…??…??…??…?ψ! Realme C55 …??…??…??…?…?ψ …??…?? …??…??…??…?? …??…??…?…?ψ…?¨…??…?? …?…?…??…?¨…??…? giftbd.co,1
"…?¦…?ψ…??…? …??…??…??…??…??…?? …?…?ψ …??…??…?…??…??…?¨…??, …??…?¨…?®…?? …??…?? …??…??…?…???",0
"…??…??…?ύ …??…?…??…?¨ …?…?ψ …??…??…?…?? …??…?…?ύ…??…?? …??…??…??, …??…??…??…?? …??…?…?ύ …??…?? …??…?ψ…??…? …??…??…??…?¬ …??…??:…??…??…?",0
"…?®…??…??…?ύ…??…?? …??…??…??…?ύ…?? …?¦…??…?…?¨…??…??…??…?¨, …??…??…??…?? …??…??…??…?¨…??…?",0
…??…?¦…??…??…?ψ …??…?…??…??…??…?…?? …?ψ…?¨…?®…??…??…?…?­ …??…??…??…?? …??…??…??…?? …?¦…?…?ψ…??…?…??…?…??…? …??…?¨…??…?? …?ύ…??…??…?? …??…?ψ…?…??: promo24.net,1
…?…??…??…?? …??…?¦…??…?? …??…?…??…??…??…?…?…??…??…?? …??…??…??…?? …??…??…??…??! …??…??…?®…??…?ψ…?…?? …??…?ψ…??…?? PIN …?¦…??…?…??…?? …?®…?®…?¦…??…?®…?? (…??…??…??…??…?ψ …??…?ψ…?…??…?? …??…??)…?,1
…?…??…??…?? …??…?¦…??…?? …??…?…??…??…??…?…?…??…??…?? …??…?¦…??…?? …??…??…??…??! …??…??…?®…??…?ψ…?…?? …??…?ψ…??…?? PIN …?¦…??…?…??…?? …??…??…??…??…??…? (…??…??…??…??…?ψ …??…?ψ…?…??…?? …??…??)…?,1
"…??…??…??…??…??…?? …??…?? …??…?®…?¨…??…?? …??…??…?…?? …??…??, …??…??…?…??…?…?…?",0
…??…??…?ψ …??…??…?…?…?ψ…??…?? …??…??…?…?? …??…??…??…?¨?,0
…??…??…?ψ …??…??…?…?…?ψ…??…?? …??…??…?…?? …??…??…??…?¨?,0
…??…?¦…??…??…?ψ …?¦…?…?ψ…??…?…??…??…?ψ …?¦…??…??…?? …??…??…??…??! giftbd.co …? …??…?¨…??…?? …??…?…?ύ…??…??…?? …??…?ψ…?…??…? …?ψ…??…?®…??…?ψ…??…??…?…??: OD916449,1
…??…??…??…?¨…??…? …??…??…?…??…?…??…?…?ψ…??…??…? …??…?ψ…?? …?® …??…??…??…?? …??…??/…??…?¨…?­…?¨…??! …??…??…?¬…??…??: luckydraw.in,1
PayPal/Payoneer …??…??…?ψ…?¨…?®…??…?? …?…??…??…??…?? …??…??…??…?? …??…??…??…??. …?ύ…?¨…??…?…??: luckydraw.in …??…??…?­: …??…?¦…??…?…??…?,1
…??…??…?ψ …??…??…?…?…?ψ…??…?? …??…??…?…?? …??…??…??…?¨?,0
"…?ψ…?¨…?¦…??…?ψ…?…??…??…?? …??…?¦…?­…??…?? …??…?ψ…?? …??…?¨…??, …?­…??…?­…?ύ…??…??…?? …??…??…?ύ…?",0
"…??…??…?ψ …?…??…??…??…?ψ …?…?¨…??…??…??…?? …?¦…??…?…??, …?ψ…??…??…?­…??…?ψ …??…??…?…??…?",0
…??…?…?ύ…??…?? …??…?¨…?­…?¨…??…?ύ…??…?? …?¦…??…?…??…?…?¨?,0
…??…??…??…??…?…?ϊ…?…?¨…?? …?ύ…??…?? …??…?¦…??…??…?? …??…??…??…??! …??…??…?…?ύ shopx.com …??…?¨…??…?¨…?? …??…?ψ…?? …??…?…??…??…?? …??…?ψ…?…??…? …?¦…?…?ψ…??…??…??…?¨…?? …?®…?¨ …??…?? …??…??…??…?? …??…??…?? …? …??…?¨…??…?,1
"…??…??…?ψ …?…??…??…??…?ψ …?…?¨…??…??…??…?? …?¦…??…?…??, …?ψ…??…??…?­…??…?ψ …??…??…?…??…?",0
…??…?¦…??…??…?ψ …?¦…?…?ψ…??…?…??…??…?ψ …??…?¦…??…?? …??…??…??…??! dealhub.xyz …? …??…?¨…??…?? …??…?…?ύ…??…??…?? …??…?ψ…?…??…? …?ψ…??…?®…??…?ψ…??…??…?…??: OD910616,1
…??…??…??…??…?…?ϊ…?…?¨…?? …?ύ…??…?? …??…??…?? …??…??…??…??! …??…??…?…?ύ giftbd.co …??…?¨…??…?¨…?? …??…?ψ…?? …??…?…??…??…?? …??…?ψ…?…??…? …?¦…?…?ψ…??…??…??…?¨…?? …?®…?¨ …??…?® …??…??…??…?? …?…?¨…??…??…?? …? …??…?¨…??…?,1
…??…??…??…??…?ψ …??…?…??…??…?? …??…??…?? …??…?…?ψ…?? …??…?¨…??…?¨…??…?? …??…??…??…?…??…?,0
…?®…?…?ψ…?¨ …??…??…??…??…?¨…?? …?…??…??…??…?? …??…?¦…??…??…?? …??…??…??…??! …??…??…??…??…??…?¦: promo24.netƒ??…?ψ…??…?®…??…?ψ…??…?ύ …??…??…?­ …?…??…??…??…??…??,1
…??…??…?ψ …??…??…?…?…?ψ…??…?? …??…??…?…?? …??…??…??…?¨?,0
"…?®…??…??…?ύ…??…?? …??…??…??…?ύ…?? …?¦…??…?…?¨…??…??…??…?¨, …??…??…??…?? …??…??…??…?¨…??…?",0
…??…?¦…??…??…?ψ …??…?…??…??…??…?…?? …?ψ…?¨…?®…??…??…?…?­ …?¦…??…??…?? …??…??…??…?? …?¦…?…?ψ…??…?…??…?…??…? …??…?¨…??…?? …?ύ…??…??…?? …??…?ψ…?…??: shopx.com,1
"…?…??…??…?? …??…?…?…?¨…??…?…?! …??…??…??-…?…??…??…??…?­ …??…?, …??…?¨…??…?? …?? …??…?…?…??…?? …??…??…??, …??…?? …??…?¦…??…??…?? …??…??…??…??…? WhatsApp …??…?ψ…?…?? …??…??…?…?®…?®…?…?¦…??…??…??…??",1
…??…??…?ύ…??…?? …??…??…??…?? …??…??…?…??? …??…??…?¨ …??…?¨…??…?? …??…??…?…??…?,0
…??…?? …?…?ύ…??…??…?? …?®…?¨…?ψ…??…?? …??…??…?ψ…?¨ …??…?ψ…?¨…?? …??…??…?,0
"…?…??…??…?? …??…?…?…?¨…??…?…?! …??…??…??-…?…??…??…??…?­ …??…?, …??…?¨…??…?? …?? …??…?…?…??…?? …??…??…??, …??…?? …??…??…??…?? …??…??…??…??…? WhatsApp …??…?ψ…?…?? …??…??…?…?¦…?¦…??…??…??…??…?…??",1
"…?ψ…?¨…?¦…??…?ψ…?…??…??…?? …??…?¦…?­…??…?? …??…?ψ…?? …??…?¨…??, …?­…??…?­…?ύ…??…??…?? …??…??…?ύ…?",0
"…??…??…?¨…?® …??…?? …??…?®…?¨…??…?? …??…??…?…?? …??…??, …??…??…?…??…?…?…?",0
…?…??…??…?? …?ψ…??…??…?? …??…?…??…??…??…?…?…??…??…?? …??…??…??…?? …??…??…??…??! …??…??…?®…??…?ψ…?…?? …??…?ψ…??…?? PIN …?¦…??…?…??…?? …??…??…??…?…?®…?¦ (…??…??…??…??…?ψ …??…?ψ…?…??…?? …??…??)…?,1
PayPal/Payoneer …??…??…?ψ…?¨…?®…??…?? …?…??…??…??…?? …??…?? …??…??…??…??. …?ύ…?¨…??…?…??: giftbd.co …??…??…?­: …??…??…?®…??…??…??,1
…??…??…??…?¨…??…? …??…??…?…??…?…??…?…?ψ…??…??…? …??…?ψ…?? …?®…??…?? …??…??…??…?? …??…??/…??…?¨…?­…?¨…??! …??…??…?¬…??…??: shopx.com,1
…?®…?…?ψ…?¨ …?­…??…??…?? …??…??GB …??…??…??…?…?ψ …??…?? …??…??-…??…??-…??…??…??…?®! …??…?…?ύ…??…??…??: giftbd.co,1
"…??…??, …??…?? …??…??:…??…?? …? …??…?¨…??…?¨…?? …?ψ…?…??-…?? …? …??…??…??…?? …??…?…??…?",0
…??…?…?¦…??…?ψ …??…??…?ύ! iPhone …?®…??…?? …??…??…??…?? …??…??…??…??ƒ??…??…?…??…?? …??…??…??…?¨…??…? …??…?ψ…?…?­…??…?ψ …??…?ψ…?…??: shopx.com,1
…?®…?…?ψ…?¨ …?­…??…??…?? …??GB …??…??…??…?…?ψ …??…?? …??…??-…??…??-…??…??…??…?®! …??…?…?ύ…??…??…??: promo24.net,1
…??…?¨…?? …?ψ…??…??…?¨…??…?…??…?…?ψ…??…??…?? …??…??…??…?…?¦…??…?ψ…?…?…? …??…??-…??…??-…??…??…??…?® …?…?ψ …??…??…?? …??…??…??…??…?? …??…?? …??…?ψ…?ύ…?? …??…?¨…?? …?…??…?…?? …??…?…??…? …??…?¨…??…?¨…??: shopx.com,1
"…??…??, …??…?? …??…??:…??…?? …? …??…?¨…??…?¨…?? …?ψ…?…??-…?? …? …??…??…??…?? …??…?…??…?",0
…?®…?ύ…??…?®…?ύ …??…?…?? …??…?¨…?…?? …?…?ύ…??…??…???,0
…??…?ψ…??…??…?ψ…?¨ …??…??…?…??…??…?? …?®…??…?? …??…??…??…?? …??…??…?…??…??…??…?¨…??ƒ??…??…??…?ψ…?¨…?®…??…??: luckydraw.in …??…??…?­: …??…?¦…??…??…?®…??,1
"…??…?…??…?¨, …??…?¨…??…??…?ψ …??…?…??…??…??…??…??…??…??…??…??…?…?? …??…??…?…??…?¨…??…??…?ψ …?­…??…?­…?ύ…??…??…?? …??…??-…??…??-…??…??…??…?®…?",0
…??…??…?¨…??…??…?…??…??! …??…?¦…??…?¨ …?ύ…??…??…?¨ …?­…?…?ψ-…? Xiaomi A54 …??…?¨…??…??…??…??…??…? …??…?¦…??…?? …??…??…?…?…?ψ…?? …?¦…??…?? …??…??…??…?? …?®…?¨ …?¦…??…?…?¨…??…?? luckydraw.in …? …?®…?ψ…?…?? …?¦…??…?ψ…? …??…?ψ…?…??…? …??…??…?­: …??…??…??…?…??…??,1
"…??…?…??…??…??…??…?¬…?? …??…??…?ψ…??…?¦, …??…??…??…?? …??…?¨…??…?? …??…?…?ύ…?¨…?? …??…??…?",0
"…??…?? …??…?®…?¨…??…?? …?…??…??…? …?ύ…??…?? …??…??…?…??, …??…?…?ψ…??…?®…?¨…?? …??…??…??…?",0
…??…??…?? …??…??…?¬ …??…?ψ…?…??! …??…?¨…?­…?¨…?? …??…??…??…?? …??…?¨…??…?? …??…?® …??…??…??…?? …??…?¦…??…?ψ…?…??…??…? …??…??…?¬…??…??: luckydraw.in,1
"…??…?? …??…?…??…??…?­…??…?? …??…?…??…?? …??…?¨…??…?? …?¦…??…?ψ…??, …?¦…?…?ψ…??…?…??…?…?? …?…??…??…?¨…??…?",0
"…?…??…??…?? …??…?…?…?¨…??…?…?! …??…??…??-…?…??…??…??…?­ …??…?, …??…?¨…??…?? …?¦ …??…?…?…??…?? …??…??…??, …??…?? …?¦…??…??…?? …??…??…??…??…? WhatsApp …??…?ψ…?…?? …??…??…??…??…??…??…??…??…??…??…??",1
Covid …??…??…??…??…??…?…?? …??…??…?…?¨…?ύ …??…?¦…??…?? …??…??…??…?? …??…??…?…??…??…??…?¨…??…? …??…?…?ψ…??…?…?? …??…?…?…?? …??…?¦…?­…??…?? …??…?ψ…?…??: promo24.net,1
…??…?¦…??…??…?ψ …??…?…??…??…??…??…??…??…?…?? …?…?…?ύ…?? …??…?…??! EBL …??…??…?ψ…?¨…?®…??…?? …??…?ψ…??…?? dealhub.xyz …? …??…?¨…??…?? OTP …?®…??…?¦…?¦…?…?? …??…??…?…??…?¨…?? …??…?ψ…?…??…? …??…?ψ…?…?ψ…?¨!,1
Covid …??…??…??…??…??…?…?? …??…??…?…?¨…?ύ …??…?¦…??…??…?? …??…??…??…?? …??…??…?…??…??…??…?¨…??…? …??…?…?ψ…??…?…?? …??…?…?…?? …??…?¦…?­…??…?? …??…?ψ…?…??: bestoffer.live,1
…?¦…??…??…??…??…?…??…??…?? …?¦…??…??…??…??…??? …?…?¨…??…??…?? …? …?¦…??…?…?¨…??…??…??…?¨…?,0
…??…??…?¨…??…??…?…??…??! …??…?¦…??…?¨ …?ύ…??…??…?¨ …?­…?…?ψ-…? Samsung C55 …??…?¨…??…??…??…??…??…? …??…?¦…??…?? …??…??…?…?…?ψ…?? …?¦…??…??…?? …??…??…??…?? …?®…?¨ …?¦…??…?…?¨…??…?? shopx.com …? …?®…?ψ…?…?? …?¦…??…?ψ…? …??…?ψ…?…??…? …??…??…?­: …?…??…?¦…??…??…?¦,1
…??…?ψ…?…?ψ…?¨: …??…?¦…??…??…?ψ …??…??…?? KYC …??…??…??…?¬…??…??…??…??…?…??…??…?ψ…?…?…? …??…?¦…?­…??…?? …??…?ψ…?…?? …??…??-…??…??-…??…??…??…?® …?…?ψ …??…??…?…??…??: dealhub.xyz,1
…??…?¦…??…??…?ψ …?¦…??…?ψ…?…??…??…?ύ …??…??…?ύ…?…?­…?? …??…??…??…? …?­…??…?ύ…?¨…??…??…?ψ…?¨ …??…?¨…??…?…??…?¨…?? …??…?ψ…??…?? …?®…?? …??…??…??…?? …?…?¨…??…??…?? …? …??…?¨…??…? …??…?…?ψ…?…??…??…??: giftbd.co,1
"BRAC Bank …? …??…??…??…?? …??…??…??…??…?? …??…?¨…??…??…??…?¨, …??…??…?? …??…??…?ψ…?? …?®…??…?ύ…??…??…?¨…?",0
…??…?…?¦…?…?ψ…?? …??…?…??…??…??…?…??…?¨…??…?? …??…??…??…?? …??…?…??…?,0
…?ύ…??…??…?¨ …??…??…??…?…??…??…??…?ψ! Oppo C55 …??…??…??…?…?ψ …??…?® …??…??…??…?? …??…??…?…?ψ…?¨…??…?? …?…?…??…?¨…??…? giftbd.co,1
…?®…?…?ψ…?¨ …?­…??…??…?? …??GB …??…??…??…?…?ψ …??…?? …??…??-…??…??-…??…??…??…?®! …??…?…?ύ…??…??…??: luckydraw.in,1
"…?…??…??…?? …??…?…?…?¨…??…?…?! …??…??…??-…?…??…??…??…?­ …??…?, …??…?¨…??…?? …?? …??…?…?…??…?? …??…??…??, …??…?? …??…??…?? …??…??…??…??…? WhatsApp …??…?ψ…?…?? …??…??…??…?®…??…?…?¦…??…??…??…??",1
…??…?? Teletalk …??…??…?? …??…??…?ψ …?ύ…??…??…??…?? …??…??…???,0
…??…?¦…??…??…?ψ …?¦…??…?ψ…?…??…??…?ύ …??…??…?ύ…?…?­…?? …??…??…??…? …?­…??…?ύ…?¨…??…??…?ψ…?¨ …??…?¨…??…?…??…?¨…?? …??…?ψ…??…?? …??…?? …??…??…??…?? …?ψ…??…??…?? …? …??…?¨…??…? …??…?…?ψ…?…??…??…??: luckydraw.in,1
…??…?¦…??…??…?ψ …?¦…??…?ψ…?…??…??…?ύ …??…??…?ύ…?…?­…?? …??…??…??…? …?­…??…?ύ…?¨…??…??…?ψ…?¨ …??…?¨…??…?…??…?¨…?? …??…?ψ…??…?? …?® …??…??…??…?? …?ψ…??…??…?? …? …??…?¨…??…? …??…?…?ψ…?…??…??…??: giftbd.co,1
"…?®…??…??…?ύ…??…?? …??…??…??…?ύ…?? …?¦…??…?…?¨…??…??…??…?¨, …??…??…??…?? …??…??…??…?¨…??…?",0
…??…?¦…??…??…?ψ …??…?…??…??…??…??…??…??…?…?? …?…?…?ύ…?? …??…?…??! BRAC Bank …??…??…?ψ…?¨…?®…??…?? …??…?ψ…??…?? shopx.com …? …??…?¨…??…?? OTP …??…??…??…??…??…?? …??…??…?…??…?¨…?? …??…?ψ…?…??…? …??…?ψ…?…?ψ…?¨!,1
…??…??…?? …??…??…?¬ …??…?ψ…?…??! …??…?¨…?­…?¨…?? …??…??…??…?? …??…?¨…??…?? …??…?® …??…??…??…?? …??…?¦…??…?ψ…?…??…??…? …??…??…?¬…??…??: luckydraw.in,1
"…??…??…?ύ …??…?…??…?¨ …?…?ψ …??…??…?…?? …??…?…?ύ…??…?? …??…??…??, …??…??…??…?? …??…?…?ύ …??…?? …??…?ψ…??…? …??…??…??…?¬ …??…?¦:…?¦…?®…?",0
…??…??…?ύ …??…??…??…?ύ …??…??:…?¦…?® …?…??…?? …??…?ψ…?…??…?,0
PayPal/Payoneer …??…??…?ψ…?¨…?®…??…?? …?…??…??…??…?? …??…??…?? …??…??…??…??. …?ύ…?¨…??…?…??: giftbd.co …??…??…?­: …??…?¦…??…??…??…?®,1
PayPal/Payoneer …??…??…?ψ…?¨…?®…??…?? …?…??…??…??…?? …??…??…?? …??…??…??…??. …?ύ…?¨…??…?…??: dealhub.xyz …??…??…?­: …?®…??…??…??…??…??,1
"…?¦…?ψ…??…? …??…?…??…?¨ …?…?ψ …??…??…?…??…??…?¨…??, …??…?¨…?®…?? …??…?? …??…??…?…???",0
"…??…?…??…?¨, …??…?? …??…??:…??…?? …? …??…?¨…??…?¨…?? …?ψ…?…??-…?? …? …??…??…??…?? …??…?…??…?",0
…?¦…??…??…??…??…?…??…??…?? …?¦…??…??…??…??…??? …??…??…?? …? …?¦…??…?…?¨…??…??…??…?¨…?,0
…??…??…?ψ …??…??…?…?…?ψ…??…?? …??…??…?…?? …??…??…??…?¨?,0
…??…?¦…??…??…?ψ …?…?…??…??…??…?? …??…?…??…??…??…??…??…??…?…??…?? …??…??…?…??…??…??…??…??…?? …?ύ…??…??…??…??…??…? …?…?…?ύ…?? …??…?…??…?…?? …??…?ψ…??…?? …??…??…?…??…?¦…?…??…??…??…??…?? …? …??…?ύ …??…?ψ…?…??…?,1
…??…?? …??…??:…??…?? …??…??…?? …??…??…?ύ…??…??…?? …??…?…?ύ…??…??…?,0
